"","budget","at","bb","extinct","","","","","","","","","","","","","","","","","","","",""
"1",1000,0,0,0,47,110,109,110,110,109,110,110,109,110,110,110,110,110,110,110,109,110,110,110
"2",1000,0,0,0,65,110,110,110,110,109,40,36,110,110,109,57,110,110,81,110,110,110,67,110
"3",1000,0,0,0,64,110,110,110,110,110,110,110,102,110,50,26,109,23,110,110,31,110,109,36
"4",1000,0,0,0,65,110,110,110,109,110,109,110,40,27,110,109,110,57,40,110,102,62,16,110
"5",1000,0,0,0,42,110,110,110,110,110,109,110,109,110,109,110,110,109,110,109,110,110,109,110
"6",1000,0,0,0,64,110,110,110,110,81,110,110,110,110,110,110,110,110,110,110,109,21,110,110
"7",1000,0,0,0,59,110,109,110,110,110,110,110,110,25,109,67,110,67,48,110,45,110,110,50
"8",1000,0,0,0,60,110,110,110,81,110,110,29,44,65,110,110,110,110,31,36,110,110,110,17
"9",1000,0,0,0,60,110,110,109,110,57,110,110,109,110,109,110,24,33,110,109,110,45,101,26
"10",1000,0,0,0,56,109,110,110,110,110,110,110,110,110,67,63,18,17,110,110,110,109,110,110
"11",1000,0.1,0,0,62,110,110,109,110,110,110,110,110,110,110,110,109,109,109,23,30,50,110,110
"12",1000,0.1,0,0,59,110,110,110,110,110,109,110,110,109,110,109,33,14,110,110,110,110,110,109
"13",1000,0.1,0,0,61,110,110,110,110,110,110,109,110,110,110,110,14,110,110,110,110,109,110,110
"14",1000,0.1,0,1,63,110,110,110,110,110,110,109,20,20,110,110,110,110,110,110,110,110,0,0
"15",1000,0.1,0,0,53,110,110,109,110,110,109,110,109,110,110,110,110,110,110,18,110,109,110,109
"16",1000,0.1,0,0,57,57,110,109,110,110,110,110,110,110,110,110,110,110,81,36,43,49,80,78
"17",1000,0.1,0,0,70,110,110,110,110,110,45,45,67,67,38,38,109,109,28,13,110,110,110,110
"18",1000,0.1,0,0,63,110,110,110,110,110,110,110,110,109,109,109,110,110,18,18,110,109,110,110
"19",1000,0.1,0,0,63,63,110,110,110,110,109,110,110,109,110,109,110,109,110,110,81,109,109,109
"20",1000,0.1,0,0,46,110,110,110,110,110,109,110,110,36,110,21,110,110,110,110,81,33,110,110
"21",1000,0.1,0.1,0,64,110,110,110,110,110,36,56,110,110,110,110,50,110,20,110,110,109,110,110
"22",1000,0.1,0.1,0,64,110,110,110,110,110,110,110,67,110,110,110,57,32,32,120,110,110,110,110
"23",1000,0.1,0.1,0,66,110,110,110,110,110,57,30,110,109,110,109,110,110,120,110,31,31,120,110
"24",1000,0.1,0.1,0,61,110,110,110,110,110,110,110,120,120,120,120,120,120,79,10,110,110,110,120
"25",1000,0.1,0.1,0,62,110,110,110,110,120,120,119,110,110,20,110,110,120,30,110,30,110,19,19
"26",1000,0.1,0.1,0,62,62,120,110,110,110,110,110,109,109,57,56,56,56,130,62,62,62,130,31
"27",1000,0.1,0.1,0,59,110,110,120,110,110,110,110,120,65,79,38,38,38,38,140,110,110,110,81
"28",1000,0.1,0.1,0,59,110,110,45,45,120,110,110,110,110,110,110,110,110,109,110,110,110,110,110
"29",1000,0.1,0.1,0,63,110,109,110,110,110,110,110,110,110,110,110,120,110,110,120,79,79,79,79
"30",1000,0.1,0.1,0,54,110,109,110,109,109,109,80,80,120,110,109,109,109,67,38,38,120,120,11
"31",1000,0.1,0.2,0,56,110,110,110,110,110,110,110,110,109,110,110,110,110,110,109,110,109,110,110
"32",1000,0.1,0.2,0,54,110,110,110,110,109,109,57,16,16,130,110,110,110,130,130,15,109,110,110
"33",1000,0.1,0.2,0,60,110,110,110,109,110,110,110,110,110,110,110,110,110,110,110,110,110,110,110
"34",1000,0.1,0.2,0,63,110,110,110,110,110,109,109,109,109,57,110,109,36,26,25,110,110,110,110
"35",1000,0.1,0.2,0,67,110,110,110,109,109,130,110,110,16,110,110,110,109,110,110,110,109,110,109
"36",1000,0.1,0.2,0,74,74,130,110,110,110,130,26,110,110,110,110,150,110,110,130,13,110,110,110
"37",1000,0.1,0.2,0,55,110,109,110,109,57,110,109,57,79,110,81,110,40,40,40,150,110,110,110
"38",1000,0.1,0.2,0,63,110,110,109,110,109,110,110,67,67,42,39,110,40,31,33,11,110,110,130
"39",1000,0.1,0.2,0,51,110,110,110,110,130,41,110,110,27,27,27,150,110,110,109,110,109,110,110
"40",1000,0.1,0.2,0,69,69,130,110,110,110,109,110,110,110,110,110,110,110,58,110,109,67,67,130
"41",1000,0.1,0.3,1,64,110,110,110,110,110,110,110,16,110,110,110,110,110,110,110,109,0,0,0
"42",1000,0.1,0.3,0,63,110,109,110,110,110,110,110,36,110,110,110,140,31,110,33,67,31,110,31
"43",1000,0.1,0.3,1,52,110,109,110,110,110,109,110,109,110,110,110,110,109,110,109,110,0,0,0
"44",1000,0.1,0.3,0,75,110,110,140,110,31,110,110,57,65,65,140,80,11,110,110,110,110,110,140
"45",1000,0.1,0.3,0,59,110,110,110,110,140,110,110,81,17,110,109,109,30,30,140,110,110,140,140
"46",1000,0.1,0.3,0,60,110,110,110,110,81,110,27,27,140,110,110,110,110,110,110,110,109,110,109
"47",1000,0.1,0.3,0,56,110,110,140,110,110,110,110,110,110,19,110,57,110,25,25,25,170,110,110
"48",1000,0.1,0.3,0,62,110,109,109,140,110,110,36,110,110,110,110,110,27,110,110,40,40,140,140
"49",1000,0.1,0.3,0,61,110,110,109,110,110,110,140,110,110,110,110,140,40,40,140,110,110,110,110
"50",1000,0.1,0.3,0,67,110,110,110,110,110,109,110,110,110,110,109,110,110,110,110,110,110,109,110
"51",1000,0.1,0.4,0,62,62,150,109,110,110,110,110,110,110,110,110,110,110,67,67,67,67,228,54
"52",1000,0.1,0.4,0,76,110,110,110,110,110,110,110,110,110,110,110,110,110,110,110,110,50,67,67
"53",1000,0.1,0.4,0,60,60,149,110,110,110,110,110,150,110,110,109,110,110,110,189,110,110,150,52
"54",1000,0.1,0.4,0,61,110,81,110,110,110,110,150,110,110,110,110,150,16,110,110,110,109,110,110
"55",1000,0.1,0.4,0,68,110,110,110,109,110,110,110,110,40,110,110,110,110,110,110,150,110,110,31
"56",1000,0.1,0.4,0,52,110,110,110,110,109,110,110,110,110,110,110,110,110,110,109,110,110,110,110
"57",1000,0.1,0.4,0,51,110,109,110,110,110,110,110,31,110,110,150,16,110,110,110,150,150,18,18
"58",1000,0.1,0.4,0,49,110,110,150,110,110,40,40,150,41,41,150,110,110,110,110,27,27,150,110
"59",1000,0.1,0.4,0,66,110,110,110,110,150,23,109,110,110,150,150,19,110,110,110,110,150,150,46
"60",1000,0.1,0.4,0,59,110,110,109,110,109,110,110,110,110,110,109,110,109,109,19,110,110,110,109
"61",1000,0.1,0.5,1,61,110,110,110,110,110,160,43,18,18,160,110,110,0,0,0,0,0,0,0
"62",1000,0.1,0.5,0,59,59,159,110,110,29,110,110,110,110,110,33,80,56,56,48,32,32,32,210
"63",1000,0.1,0.5,1,60,110,109,109,160,160,160,33,110,20,20,160,110,110,110,110,110,110,110,0
"64",1000,0.1,0.5,0,58,110,110,110,109,110,110,110,110,110,110,110,110,160,110,110,110,45,110,110
"65",1000,0.1,0.5,0,67,110,110,160,160,160,160,19,19,160,110,110,110,110,110,110,110,110,110,110
"66",1000,0.1,0.5,0,67,110,110,109,110,110,110,110,110,110,110,110,110,110,81,81,66,110,110,110
"67",1000,0.1,0.5,0,39,110,109,110,110,109,110,110,109,110,110,110,110,110,110,110,109,110,110,110
"68",1000,0.1,0.5,0,73,73,160,110,110,110,110,29,110,81,81,81,33,110,110,110,110,110,109,36
"69",1000,0.1,0.5,0,54,110,110,110,110,67,76,110,109,110,109,110,50,110,110,110,159,159,159,20
"70",1000,0.1,0.5,0,59,110,110,110,110,21,110,109,110,110,110,110,110,110,110,110,110,110,109,110
"71",1000,0.1,0.6,0,51,110,110,110,110,110,110,110,170,110,67,63,110,57,66,66,50,50,28,110
"72",1000,0.1,0.6,0,58,110,109,110,110,110,81,110,25,25,24,110,109,110,110,109,110,110,110,110
"73",1000,0.1,0.6,0,50,110,109,110,110,110,170,170,170,32,110,14,110,109,110,110,109,110,110,110
"74",1000,0.1,0.6,0,61,110,110,110,109,110,110,33,110,29,36,110,110,110,110,19,33,67,67,16
"75",1000,0.1,0.6,0,53,110,110,109,110,110,110,110,110,110,110,110,110,110,110,109,110,110,110,110
"76",1000,0.1,0.6,0,59,110,110,109,109,50,50,170,29,110,110,110,110,110,170,170,58,40,81,49
"77",1000,0.1,0.6,1,44,44,170,110,110,110,109,110,110,110,110,110,110,110,0,0,0,0,0,0
"78",1000,0.1,0.6,0,64,110,110,110,110,110,109,110,109,110,110,110,110,110,110,110,110,110,110,110
"79",1000,0.1,0.6,0,42,110,110,109,110,109,110,110,110,170,110,110,110,110,110,110,110,110,110,110
"80",1000,0.1,0.6,0,71,110,109,109,170,170,16,110,110,110,24,110,110,110,110,110,110,110,109,110
"81",1000,0.1,0.7,0,70,70,180,110,110,110,110,110,110,27,110,109,110,50,50,180,62,62,180,37
"82",1000,0.1,0.7,0,60,110,109,110,110,110,110,110,110,27,110,110,24,24,180,110,110,179,110,110
"83",1000,0.1,0.7,0,73,110,110,110,110,110,110,110,110,250,51,14,110,110,109,109,180,53,23,110
"84",1000,0.1,0.7,0,51,110,109,110,110,110,247,31,110,109,109,17,17,180,110,110,110,110,110,110
"85",1000,0.1,0.7,0,59,110,110,110,110,110,110,110,110,110,179,110,110,110,110,110,110,110,110,110
"86",1000,0.1,0.7,0,58,110,110,110,109,110,110,109,110,109,110,110,180,110,110,110,110,110,110,109
"87",1000,0.1,0.7,0,60,110,110,110,109,110,110,109,110,109,110,110,110,110,110,110,110,110,110,109
"88",1000,0.1,0.7,0,60,110,110,110,110,110,110,50,110,50,50,180,110,110,110,50,50,24,49,49
"89",1000,0.1,0.7,0,63,110,109,110,109,110,110,109,110,110,110,109,109,50,110,36,110,27,50,110
"90",1000,0.1,0.7,0,78,78,180,110,110,109,110,110,110,110,110,36,36,36,247,109,110,109,110,110
"91",1000,0.1,0.8,0,56,110,110,109,109,188,188,190,28,28,190,109,110,110,110,190,110,110,110,110
"92",1000,0.1,0.8,0,69,110,110,110,110,110,190,190,48,48,48,270,109,28,66,25,110,110,20,110
"93",1000,0.1,0.8,0,51,110,110,110,190,190,190,190,189,65,32,33,110,110,110,21,110,110,109,110
"94",1000,0.1,0.8,0,53,110,110,110,110,190,110,109,110,110,190,109,109,189,189,12,110,110,110,50
"95",1000,0.1,0.8,0,62,110,110,110,110,110,109,109,109,80,80,16,110,110,67,110,109,80,80,80
"96",1000,0.1,0.8,1,63,110,109,110,110,110,109,110,110,110,110,110,110,110,110,110,110,110,110,0
"97",1000,0.1,0.8,0,58,110,109,110,80,109,50,110,25,110,110,110,110,109,110,110,110,110,110,110
"98",1000,0.1,0.8,0,63,63,187,110,110,110,110,110,110,110,24,110,110,110,110,110,190,110,110,110
"99",1000,0.1,0.8,0,62,62,190,109,110,110,109,110,110,67,110,110,110,81,110,110,110,270,270,24
"100",1000,0.1,0.8,0,63,110,109,110,110,190,110,110,110,109,110,110,110,110,110,270,270,12,110,110
"101",1000,0.1,0.9,0,55,55,200,110,110,50,50,58,40,110,110,109,110,109,109,30,44,44,28,110
"102",1000,0.1,0.9,0,84,110,110,110,110,110,287,110,110,110,19,110,109,57,110,109,110,110,110,200
"103",1000,0.1,0.9,0,55,55,200,110,110,110,109,110,110,110,110,109,110,110,110,67,19,110,110,40
"104",1000,0.1,0.9,0,65,110,109,110,110,110,110,110,110,197,110,110,110,110,110,110,110,110,110,110
"105",1000,0.1,0.9,0,67,110,109,109,200,110,110,109,110,110,110,110,110,110,110,110,109,110,110,110
"106",1000,0.1,0.9,0,65,110,110,110,110,110,109,110,110,109,110,110,109,110,110,109,110,110,110,109
"107",1000,0.1,0.9,0,53,110,109,110,109,110,110,110,110,110,29,110,57,57,57,28,110,33,67,67
"108",1000,0.1,0.9,0,59,110,110,110,110,110,110,200,200,200,110,110,110,57,79,110,17,17,199,110
"109",1000,0.1,0.9,0,49,110,110,110,110,109,110,110,110,110,110,110,110,110,110,67,67,200,37,37
"110",1000,0.1,0.9,0,52,52,200,110,110,200,110,110,110,109,110,109,50,110,110,110,110,110,197,110
"111",1000,0.1,1,0,59,59,210,110,110,58,58,209,110,110,110,209,43,43,210,32,44,35,110,110
"112",1000,0.1,1,0,52,110,110,110,110,110,110,110,110,109,110,110,210,110,110,110,110,110,110,110
"113",1000,0.1,1,0,52,110,110,110,110,110,110,110,110,110,110,110,110,109,110,110,110,110,110,109
"114",1000,0.1,1,0,68,110,110,36,110,110,109,110,110,210,38,110,110,20,17,110,40,110,109,110
"115",1000,0.1,1,1,66,110,110,210,210,13,110,109,110,110,110,110,110,110,110,110,110,109,110,0
"116",1000,0.1,1,0,55,110,109,110,110,109,110,110,110,110,110,110,110,110,27,109,110,110,24,110
"117",1000,0.1,1,0,65,110,110,210,110,45,110,110,33,67,38,38,209,110,67,63,55,27,110,109
"118",1000,0.1,1,0,58,110,110,109,110,110,110,209,110,21,110,110,110,110,110,110,402,31,40,40
"119",1000,0.1,1,0,52,110,110,110,110,110,110,110,110,392,66,25,110,110,110,82,29,110,110,110
"120",1000,0.1,1,0,58,110,110,110,109,110,110,110,110,210,210,209,209,49,44,65,16,16,209,110
"121",1000,0.2,0,0,62,110,110,110,110,110,110,110,109,109,109,109,109,109,109,18,18,109,110,109
"122",1000,0.2,0,0,40,110,109,110,109,110,110,110,109,110,109,110,109,110,109,110,109,110,109,110
"123",1000,0.2,0,0,51,110,110,110,110,110,110,110,29,110,109,110,109,110,109,110,109,110,109,110
"124",1000,0.2,0,0,70,110,110,110,110,110,110,110,110,45,110,110,110,110,110,21,16,16,110,110
"125",1000,0.2,0,0,63,110,110,109,110,110,110,34,110,29,29,110,110,110,110,110,110,109,110,110
"126",1000,0.2,0,0,67,110,110,109,110,110,109,109,109,109,22,40,40,110,110,110,109,110,109,110
"127",1000,0.2,0,0,72,110,110,110,110,110,110,110,110,110,110,110,24,24,110,110,110,110,110,109
"128",1000,0.2,0,0,45,110,110,110,110,110,110,110,109,110,109,109,109,109,109,30,28,110,110,110
"129",1000,0.2,0,1,52,52,110,110,110,110,109,110,109,110,110,110,110,0,0,0,0,0,0,0
"130",1000,0.2,0,0,46,110,110,110,109,110,110,109,110,110,109,110,109,110,110,110,110,110,110,109
"131",1000,0.2,0.1,0,65,65,120,110,110,120,110,110,110,110,140,140,39,39,120,120,120,120,120,120
"132",1000,0.2,0.1,0,65,110,110,110,109,40,110,110,109,109,109,109,109,109,109,109,109,14,14,120
"133",1000,0.2,0.1,0,67,110,110,110,120,120,120,120,120,22,22,120,110,110,110,120,120,120,120,32
"134",1000,0.2,0.1,0,64,110,110,120,43,110,110,110,110,110,110,120,110,110,109,110,110,110,109,110
"135",1000,0.2,0.1,0,58,58,120,110,110,109,110,110,110,110,110,110,110,130,110,110,110,110,10,110
"136",1000,0.2,0.1,0,47,110,110,109,110,110,110,110,110,109,110,110,110,110,110,110,109,110,110,110
"137",1000,0.2,0.1,0,76,110,109,110,109,109,109,109,140,36,36,120,120,119,119,119,32,32,32,32
"138",1000,0.2,0.1,0,53,110,110,110,109,110,110,120,110,110,110,110,110,110,14,14,120,110,110,109
"139",1000,0.2,0.1,0,58,110,110,110,129,129,129,129,129,129,10,109,110,110,120,110,110,120,110,110
"140",1000,0.2,0.1,0,56,110,110,110,110,110,110,110,110,110,110,110,110,110,120,110,110,110,129,110
"141",1000,0.2,0.2,0,55,55,130,130,130,130,130,130,130,130,210,17,17,130,110,110,110,110,110,110
"142",1000,0.2,0.2,0,61,61,130,110,109,110,110,130,110,110,110,129,129,129,148,148,148,40,40,25
"143",1000,0.2,0.2,0,67,110,110,110,109,109,23,23,130,110,109,110,110,110,110,110,110,110,110,110
"144",1000,0.2,0.2,0,54,110,109,110,110,110,109,110,109,110,110,110,110,110,110,110,109,110,109,110
"145",1000,0.2,0.2,0,49,110,110,110,110,110,110,110,109,110,109,110,110,109,110,110,110,109,110,110
"146",1000,0.2,0.2,0,56,109,110,110,110,110,110,110,110,110,130,110,110,110,110,110,110,110,110,110
"147",1000,0.2,0.2,0,60,60,60,150,110,110,130,130,130,15,110,109,110,109,110,109,110,110,110,110
"148",1000,0.2,0.2,0,58,109,110,110,110,110,110,110,110,109,109,109,109,109,109,109,15,15,130,110
"149",1000,0.2,0.2,0,66,66,130,110,110,110,110,110,110,110,110,110,110,109,110,110,130,110,110,110
"150",1000,0.2,0.2,0,64,110,110,109,109,130,130,130,22,110,110,24,110,110,110,110,110,31,31,130
"151",1000,0.2,0.3,0,71,71,71,170,170,170,170,170,39,32,36,36,140,140,140,140,31,31,44,23
"152",1000,0.2,0.3,0,63,110,110,140,110,110,110,110,110,14,110,110,110,140,33,110,109,110,109,109
"153",1000,0.2,0.3,0,53,110,109,110,109,110,110,110,110,170,110,110,110,33,33,33,170,170,170,13
"154",1000,0.2,0.3,0,57,57,140,110,110,110,110,110,170,27,27,27,170,110,110,109,110,110,110,110
"155",1000,0.2,0.3,0,42,110,110,110,110,110,109,110,109,110,110,109,109,140,110,110,110,110,109,110
"156",1000,0.2,0.3,1,58,109,110,110,110,109,109,109,170,170,13,13,140,110,110,0,0,0,0,0
"157",1000,0.2,0.3,0,63,110,109,110,109,109,109,170,170,170,34,110,110,27,27,27,170,110,110,110
"158",1000,0.2,0.3,0,59,59,59,170,110,110,109,110,110,110,40,110,110,110,110,45,45,139,139,140
"159",1000,0.2,0.3,1,58,109,110,110,109,110,110,110,19,19,140,110,110,110,110,109,110,0,0,0
"160",1000,0.2,0.3,0,66,110,110,110,110,198,110,110,110,140,140,17,110,109,109,109,109,25,27,27
"161",1000,0.2,0.4,0,61,110,110,110,109,109,150,150,150,110,110,110,109,110,109,110,109,110,109,110
"162",1000,0.2,0.4,0,56,110,110,110,110,150,150,40,40,150,24,110,110,110,110,110,25,25,150,110
"163",1000,0.2,0.4,0,65,110,110,110,150,110,110,150,110,110,150,150,41,28,28,150,41,41,150,150
"164",1000,0.2,0.4,0,56,109,110,109,110,110,110,110,110,110,110,109,110,110,110,110,110,110,110,110
"165",1000,0.2,0.4,0,62,110,110,109,109,109,109,36,36,36,190,190,190,23,23,148,110,110,109,109
"166",1000,0.2,0.4,0,51,110,110,110,110,110,110,109,110,109,110,110,109,110,109,110,110,110,110,110
"167",1000,0.2,0.4,0,61,110,110,110,110,110,150,110,110,110,110,109,110,110,110,110,110,109,110,110
"168",1000,0.2,0.4,0,71,110,110,150,150,150,150,150,41,41,150,31,110,110,110,189,110,110,110,22
"169",1000,0.2,0.4,0,50,110,110,150,110,109,110,110,110,110,45,44,30,30,30,190,190,150,110,110
"170",1000,0.2,0.4,0,72,110,110,110,190,190,190,190,30,110,110,14,110,110,150,150,24,44,14,110
"171",1000,0.2,0.5,0,44,110,110,110,110,110,110,110,110,110,45,28,110,110,160,43,43,43,43,43
"172",1000,0.2,0.5,0,63,110,110,160,110,110,109,110,110,110,110,110,110,210,110,109,110,110,109,110
"173",1000,0.2,0.5,0,62,110,110,110,110,110,110,110,109,110,110,109,110,110,160,160,159,110,110,110
"174",1000,0.2,0.5,0,53,110,110,110,160,110,110,110,110,159,110,110,110,209,110,110,110,40,33,33
"175",1000,0.2,0.5,0,67,110,110,110,210,110,110,110,29,29,29,29,254,110,110,110,159,159,160,160
"176",1000,0.2,0.5,0,52,110,110,159,109,109,160,160,159,159,160,39,39,39,39,39,308,308,29,40
"177",1000,0.2,0.5,0,57,110,36,110,109,110,110,110,110,110,110,110,110,110,110,40,40,45,45,36
"178",1000,0.2,0.5,0,63,110,110,110,110,110,110,110,110,110,110,110,27,29,44,39,39,17,17,160
"179",1000,0.2,0.5,0,62,110,110,110,160,160,160,160,160,160,14,44,44,44,209,110,36,36,36,210
"180",1000,0.2,0.5,0,45,110,110,110,110,110,110,110,109,110,110,110,110,110,110,110,110,110,110,109
"181",1000,0.2,0.6,1,46,110,110,110,45,45,45,227,23,23,170,110,110,110,110,110,109,0,0,0
"182",1000,0.2,0.6,0,63,63,170,110,110,110,110,110,110,110,350,350,13,110,110,110,110,110,110,110
"183",1000,0.2,0.6,1,58,110,110,110,170,170,19,19,170,110,110,110,109,0,0,0,0,0,0,0
"184",1000,0.2,0.6,1,54,110,110,170,170,170,170,170,170,170,97,12,12,170,110,110,110,109,0,0
"185",1000,0.2,0.6,0,42,110,110,110,110,110,110,110,110,110,110,110,110,110,110,40,40,31,110,110
"186",1000,0.2,0.6,0,55,110,109,110,110,170,170,38,110,110,110,27,27,170,110,109,110,109,110,110
"187",1000,0.2,0.6,0,57,110,110,110,110,170,170,170,170,10,109,109,170,110,110,110,110,110,110,350
"188",1000,0.2,0.6,0,67,67,67,230,110,110,110,230,230,230,230,10,109,110,110,110,29,110,109,110
"189",1000,0.2,0.6,0,51,110,110,110,109,110,109,109,109,230,230,34,34,170,110,110,110,230,230,230
"190",1000,0.2,0.6,0,63,110,110,109,109,109,40,110,110,110,110,110,230,230,27,19,19,170,110,110
"191",1000,0.2,0.7,0,58,110,109,110,109,110,110,29,110,110,110,110,110,110,64,35,23,23,180,110
"192",1000,0.2,0.7,1,41,110,110,110,22,110,110,110,110,110,110,110,110,110,110,0,0,0,0,0
"193",1000,0.2,0.7,0,57,110,110,110,109,110,110,45,110,110,110,110,110,110,110,110,110,110,110,110
"194",1000,0.2,0.7,0,56,110,110,109,110,110,110,110,110,110,110,109,110,109,110,110,110,110,109,110
"195",1000,0.2,0.7,0,66,110,110,109,110,110,110,110,110,27,27,180,110,110,110,110,110,110,110,110
"196",1000,0.2,0.7,0,61,110,110,110,109,110,110,110,110,110,110,46,110,110,110,19,19,180,110,110
"197",1000,0.2,0.7,0,61,110,110,180,180,180,180,22,110,110,20,20,180,110,109,110,109,110,110,110
"198",1000,0.2,0.7,0,58,58,180,110,110,109,110,110,110,110,110,110,320,320,179,179,17,17,180,110
"199",1000,0.2,0.7,0,61,110,110,110,250,250,180,180,180,26,26,26,26,320,320,180,180,180,180,180
"200",1000,0.2,0.7,0,62,62,180,180,180,250,250,22,40,33,33,179,110,110,180,110,110,180,180,180
"201",1000,0.2,0.8,0,56,110,110,110,109,110,40,110,110,110,190,109,109,109,109,28,110,14,110,110
"202",1000,0.2,0.8,1,36,110,109,110,110,110,110,109,110,110,190,109,109,18,18,190,110,109,0,0
"203",1000,0.2,0.8,0,63,110,110,110,110,110,109,110,110,110,190,110,110,110,190,26,110,109,109,109
"204",1000,0.2,0.8,0,44,110,110,110,110,110,270,270,30,30,30,30,347,110,110,110,110,110,110,110
"205",1000,0.2,0.8,0,57,57,190,110,110,110,190,190,30,110,110,110,36,36,190,190,190,190,43,20
"206",1000,0.2,0.8,0,70,110,110,110,190,190,190,190,190,44,30,30,190,190,18,18,190,110,110,109
"207",1000,0.2,0.8,0,58,110,110,110,110,270,270,270,28,28,28,269,110,109,110,110,109,109,109,109
"208",1000,0.2,0.8,0,60,110,110,190,110,109,110,109,110,110,190,110,110,109,109,189,110,110,109,110
"209",1000,0.2,0.8,0,51,110,110,109,110,110,40,110,110,110,110,110,40,17,17,190,110,110,110,109
"210",1000,0.2,0.8,0,44,110,110,110,109,110,110,110,267,267,267,267,19,40,25,25,190,110,110,109
"211",1000,0.2,0.9,0,72,110,110,110,110,36,36,36,287,287,287,287,29,10,110,110,110,110,109,110
"212",1000,0.2,0.9,0,60,110,110,110,110,24,110,109,110,110,110,110,110,110,110,110,110,110,109,110
"213",1000,0.2,0.9,0,55,110,110,110,109,110,110,110,110,110,109,109,109,290,290,290,28,110,110,110
"214",1000,0.2,0.9,0,47,110,110,110,199,199,199,199,45,36,36,11,110,110,110,110,110,110,110,110
"215",1000,0.2,0.9,0,61,110,110,110,109,110,110,200,200,23,110,110,27,30,110,109,109,199,199,41
"216",1000,0.2,0.9,0,75,110,110,110,110,110,110,45,45,200,110,110,110,110,199,199,199,16,31,110
"217",1000,0.2,0.9,0,54,110,109,110,110,200,37,29,110,110,110,110,110,110,110,110,110,200,110,110
"218",1000,0.2,0.9,0,52,110,110,110,110,110,110,110,199,199,23,110,110,110,110,110,110,110,199,110
"219",1000,0.2,0.9,0,48,110,110,110,110,110,110,110,110,200,200,45,45,45,45,370,110,45,33,110
"220",1000,0.2,0.9,0,66,66,200,110,110,110,110,110,110,84,84,31,31,45,45,45,45,372,110,110
"221",1000,0.2,1,0,50,110,110,210,109,109,207,207,207,26,26,210,110,110,110,310,310,32,23,23
"222",1000,0.2,1,0,61,61,210,110,109,110,109,110,110,209,209,26,40,33,33,33,310,110,110,110
"223",1000,0.2,1,0,73,110,110,110,110,110,210,110,110,210,210,210,210,44,44,24,24,30,110,110
"224",1000,0.2,1,0,63,110,110,110,110,210,210,210,38,38,209,209,34,34,34,310,310,310,10,110
"225",1000,0.2,1,0,59,110,110,110,109,110,109,109,207,207,14,110,110,110,110,40,40,210,109,109
"226",1000,0.2,1,1,23,110,110,110,110,110,110,110,109,0,0,0,0,0,0,0,0,0,0,0
"227",1000,0.2,1,0,54,110,109,110,110,110,110,110,110,110,110,110,110,58,58,58,310,32,32,32
"228",1000,0.2,1,0,57,110,109,110,110,110,308,32,32,210,110,110,110,110,110,310,110,110,19,19
"229",1000,0.2,1,1,66,110,109,110,110,210,210,210,16,16,210,110,110,110,110,0,0,0,0,0
"230",1000,0.2,1,0,50,110,110,110,110,110,110,41,110,110,110,110,40,40,40,31,15,110,109,110
"231",1000,0.3,0,0,67,110,110,110,110,110,110,110,110,110,110,15,110,110,110,110,19,19,110,109
"232",1000,0.3,0,0,55,110,109,110,110,110,109,110,110,110,110,110,110,110,110,110,109,110,110,110
"233",1000,0.3,0,0,56,56,110,110,109,110,110,110,110,110,110,110,22,22,110,110,110,21,21,110
"234",1000,0.3,0,0,51,110,110,110,110,110,110,110,110,110,110,110,110,110,110,110,110,110,110,110
"235",1000,0.3,0,1,58,58,58,109,110,110,110,110,110,109,110,110,109,110,109,110,109,110,0,0
"236",1000,0.3,0,0,56,110,110,110,109,110,110,110,110,110,110,110,22,22,110,109,110,110,110,110
"237",1000,0.3,0,0,56,110,110,110,110,109,109,109,110,110,110,110,110,110,110,110,14,110,18,18
"238",1000,0.3,0,0,58,109,110,110,110,110,110,110,110,110,110,25,19,110,110,110,110,110,110,110
"239",1000,0.3,0,0,78,78,110,110,110,110,20,20,110,110,110,110,110,109,110,110,110,110,110,110
"240",1000,0.3,0,0,59,110,110,110,110,109,110,110,110,110,110,109,110,109,109,110,110,110,110,110
"241",1000,0.3,0.1,1,61,110,110,110,110,110,110,110,27,27,27,130,110,110,109,110,0,0,0,0
"242",1000,0.3,0.1,0,44,110,110,120,110,110,110,110,110,27,27,27,130,110,110,110,110,109,109,109
"243",1000,0.3,0.1,0,70,70,70,130,110,110,110,110,110,120,120,120,120,120,150,150,150,14,14,120
"244",1000,0.3,0.1,1,54,110,109,109,120,110,110,110,120,110,110,110,110,110,110,110,110,110,0,0
"245",1000,0.3,0.1,0,58,110,110,110,110,110,110,120,110,110,110,110,110,110,150,150,150,13,110,110
"246",1000,0.3,0.1,0,53,110,110,120,110,110,110,120,110,109,110,110,110,110,110,110,110,110,110,120
"247",1000,0.3,0.1,0,52,110,109,110,109,110,110,110,110,110,109,109,120,110,110,120,110,110,109,110
"248",1000,0.3,0.1,0,64,110,109,109,120,120,120,120,120,120,28,20,20,120,120,120,110,110,109,110
"249",1000,0.3,0.1,1,47,47,120,110,110,110,120,110,110,109,110,109,110,110,110,110,0,0,0,0
"250",1000,0.3,0.1,0,60,60,60,129,110,110,120,120,120,110,110,109,110,110,110,110,110,110,110,110
"251",1000,0.3,0.2,1,69,69,130,110,109,109,109,109,109,109,17,17,17,150,110,110,0,0,0,0
"252",1000,0.3,0.2,1,61,110,110,110,110,110,110,110,110,110,110,14,14,130,110,0,0,0,0,0
"253",1000,0.3,0.2,0,76,110,109,109,109,150,150,130,130,130,130,130,130,130,130,20,15,109,110,110
"254",1000,0.3,0.2,1,62,110,110,129,110,110,19,19,130,110,110,110,110,110,0,0,0,0,0,0
"255",1000,0.3,0.2,0,74,109,109,130,110,110,110,150,150,150,150,150,10,110,110,110,110,110,110,110
"256",1000,0.3,0.2,0,56,56,130,130,130,150,150,130,110,110,110,110,110,27,27,27,150,150,150,150
"257",1000,0.3,0.2,1,59,110,110,129,129,17,110,110,110,109,110,110,110,110,109,110,110,110,0,0
"258",1000,0.3,0.2,1,53,53,130,110,110,110,110,110,110,110,110,109,110,110,110,109,110,109,110,0
"259",1000,0.3,0.2,0,63,110,110,130,130,130,130,25,25,130,130,130,130,130,130,130,130,130,14,14
"260",1000,0.3,0.2,0,55,55,130,110,110,110,110,110,110,110,110,110,110,110,110,110,110,110,110,11
"261",1000,0.3,0.3,0,62,110,110,140,110,110,110,110,110,110,18,110,109,110,109,110,110,110,110,140
"262",1000,0.3,0.3,0,55,55,140,110,110,109,110,110,110,110,110,110,110,110,110,110,110,110,110,62
"263",1000,0.3,0.3,1,59,59,59,59,199,110,110,109,110,109,110,109,110,0,0,0,0,0,0,0
"264",1000,0.3,0.3,0,47,110,109,110,110,109,109,140,140,140,140,140,25,25,140,110,110,110,109,110
"265",1000,0.3,0.3,0,68,110,110,140,140,140,21,21,140,110,110,110,110,110,110,109,109,140,110,110
"266",1000,0.3,0.3,0,56,109,110,109,110,110,110,170,170,140,140,140,140,140,140,140,140,140,140,33
"267",1000,0.3,0.3,0,50,110,110,110,110,110,110,110,170,110,109,110,110,140,140,140,140,140,140,16
"268",1000,0.3,0.3,0,63,110,109,109,109,109,109,109,109,109,320,110,110,140,110,110,11,110,110,110
"269",1000,0.3,0.3,0,61,110,110,110,110,140,140,140,140,140,22,22,140,110,110,109,110,110,109,110
"270",1000,0.3,0.3,0,74,110,110,110,110,110,110,110,110,110,110,110,110,58,14,14,140,110,110,140
"271",1000,0.3,0.4,1,59,59,150,150,150,150,150,150,21,21,21,190,110,110,0,0,0,0,0,0
"272",1000,0.3,0.4,1,65,65,150,110,110,110,110,110,25,25,25,190,110,110,109,110,109,110,0,0
"273",1000,0.3,0.4,0,63,63,149,149,150,150,150,150,150,150,10,109,110,109,110,109,110,110,109,110
"274",1000,0.3,0.4,0,62,62,150,150,150,150,150,150,150,150,18,18,18,190,109,110,110,110,110,109
"275",1000,0.3,0.4,0,54,54,150,110,110,110,110,150,110,110,110,110,110,150,150,148,148,148,148,18
"276",1000,0.3,0.4,0,58,58,150,110,110,110,110,150,110,110,110,110,110,265,265,23,23,150,110,110
"277",1000,0.3,0.4,0,55,55,150,110,109,110,110,109,110,110,109,110,109,110,109,110,110,110,109,110
"278",1000,0.3,0.4,0,60,60,150,150,150,150,229,229,229,229,26,26,26,26,226,110,110,110,110,110
"279",1000,0.3,0.4,0,59,110,110,150,109,110,110,150,110,109,110,110,110,110,150,110,110,110,110,110
"280",1000,0.3,0.4,1,64,64,149,110,110,109,110,110,150,150,150,150,150,150,150,11,11,149,0,0
"281",1000,0.3,0.5,0,65,110,110,110,210,210,210,210,210,210,210,42,26,29,29,29,208,208,208,208
"282",1000,0.3,0.5,0,57,110,109,110,110,110,110,160,110,110,110,110,110,160,160,160,160,160,160,160
"283",1000,0.3,0.5,0,64,64,64,64,258,110,110,110,110,110,259,110,110,160,110,110,110,110,110,110
"284",1000,0.3,0.5,1,63,63,160,110,110,160,160,160,160,160,160,17,17,17,208,110,110,110,110,0
"285",1000,0.3,0.5,0,54,54,54,209,110,110,110,110,110,110,109,110,109,110,109,110,109,110,110,110
"286",1000,0.3,0.5,0,61,110,110,110,110,109,110,109,110,110,110,110,110,110,110,110,110,110,110,109
"287",1000,0.3,0.5,0,58,58,58,208,110,110,110,110,109,110,110,160,110,110,110,110,110,110,110,110
"288",1000,0.3,0.5,0,62,110,110,160,110,110,110,210,210,210,210,210,210,28,13,110,110,110,210,210
"289",1000,0.3,0.5,1,63,110,110,110,110,110,110,110,110,110,110,110,110,79,79,12,12,159,110,0
"290",1000,0.3,0.5,1,63,110,110,110,110,110,110,16,110,109,110,110,110,110,110,109,110,109,110,0
"291",1000,0.3,0.6,0,78,78,170,110,110,110,110,110,110,110,70,70,70,28,19,110,110,110,110,110
"292",1000,0.3,0.6,0,66,110,110,170,110,110,110,110,15,110,110,110,110,110,110,56,10,110,110,110
"293",1000,0.3,0.6,1,54,110,109,110,109,109,109,14,110,110,110,110,110,110,110,0,0,0,0,0
"294",1000,0.3,0.6,0,52,110,110,110,110,110,110,110,110,55,20,20,170,110,110,110,110,110,110,110
"295",1000,0.3,0.6,1,43,43,170,110,109,110,110,110,110,110,110,110,109,0,0,0,0,0,0,0
"296",1000,0.3,0.6,0,63,110,110,110,229,229,229,27,21,21,170,110,110,110,110,109,110,110,110,110
"297",1000,0.3,0.6,1,61,61,61,229,110,110,170,170,170,170,170,170,41,17,17,17,230,110,110,0
"298",1000,0.3,0.6,0,68,68,170,110,110,109,109,109,226,226,169,169,170,23,23,169,110,109,110,110
"299",1000,0.3,0.6,0,54,110,110,110,109,110,110,170,110,110,110,110,289,110,110,110,110,110,15,109
"300",1000,0.3,0.6,0,57,57,169,110,110,110,170,110,109,110,110,170,110,109,110,110,170,110,110,110
"301",1000,0.3,0.7,0,56,56,180,110,110,110,110,180,110,110,110,250,250,250,250,250,26,26,178,110
"302",1000,0.3,0.7,0,57,110,110,110,110,110,320,320,320,320,320,320,61,15,15,178,110,110,109,110
"303",1000,0.3,0.7,0,67,110,110,110,110,110,110,110,110,129,14,110,110,179,110,110,110,110,319,319
"304",1000,0.3,0.7,0,57,110,110,110,109,109,109,109,26,26,180,180,179,179,179,24,24,180,180,177
"305",1000,0.3,0.7,0,60,60,179,110,110,110,248,248,248,14,14,180,110,110,110,110,110,110,110,109
"306",1000,0.3,0.7,1,50,110,110,180,110,110,110,180,110,109,110,110,110,110,110,110,110,0,0,0
"307",1000,0.3,0.7,0,59,110,110,110,110,110,110,110,110,110,124,13,110,110,180,110,110,110,110,110
"308",1000,0.3,0.7,0,36,110,110,110,110,110,110,110,110,109,110,110,110,110,110,110,110,110,110,110
"309",1000,0.3,0.7,1,52,110,110,110,110,110,180,180,180,180,180,249,18,18,180,110,110,0,0,0
"310",1000,0.3,0.7,0,48,48,180,180,179,110,110,110,110,110,110,180,180,180,250,26,26,26,250,110
"311",1000,0.3,0.8,1,43,43,190,110,109,110,109,110,109,110,109,110,110,110,109,110,110,110,110,0
"312",1000,0.3,0.8,0,66,66,190,110,110,110,110,110,110,110,110,110,110,110,163,11,11,190,110,109
"313",1000,0.3,0.8,0,55,110,110,109,110,110,110,110,110,110,110,110,110,110,110,191,16,16,188,188
"314",1000,0.3,0.8,0,70,70,190,190,190,190,190,49,49,49,49,49,13,110,110,110,110,110,110,110
"315",1000,0.3,0.8,0,64,110,110,110,268,268,268,268,11,110,110,110,110,109,110,109,110,110,110,109
"316",1000,0.3,0.8,0,63,63,189,110,110,110,110,110,110,110,110,110,110,151,12,12,190,109,110,110
"317",1000,0.3,0.8,0,51,110,109,109,190,109,110,110,19,110,110,189,189,189,189,27,24,24,190,110
"318",1000,0.3,0.8,0,48,110,110,110,110,347,347,347,347,16,28,28,28,269,110,110,110,110,109,110
"319",1000,0.3,0.8,0,63,110,110,109,110,110,110,190,190,190,190,190,26,26,26,270,110,110,110,110
"320",1000,0.3,0.8,1,56,110,110,110,110,110,405,110,15,110,110,110,110,110,110,109,110,110,109,0
"321",1000,0.3,0.9,0,64,110,110,110,110,110,290,290,290,290,290,75,24,24,24,24,24,388,110,109
"322",1000,0.3,0.9,0,60,110,110,110,110,110,110,110,91,91,91,12,12,200,110,110,110,109,110,110
"323",1000,0.3,0.9,1,68,110,110,200,110,110,110,287,287,287,25,20,20,200,110,110,110,110,0,0
"324",1000,0.3,0.9,0,47,110,110,110,289,289,289,10,109,109,200,110,110,110,110,109,110,110,110,110
"325",1000,0.3,0.9,1,69,69,69,290,110,110,110,110,47,47,21,21,21,289,110,110,110,109,0,0
"326",1000,0.3,0.9,0,60,110,110,110,110,110,110,110,110,110,110,110,172,172,14,28,28,28,290,110
"327",1000,0.3,0.9,0,48,110,109,110,110,110,200,110,110,110,198,198,198,198,198,68,11,11,199,110
"328",1000,0.3,0.9,1,51,110,110,110,198,25,25,198,110,110,110,110,110,109,0,0,0,0,0,0
"329",1000,0.3,0.9,0,58,109,110,110,200,110,110,110,110,110,110,110,110,110,110,110,110,405,405,405
"330",1000,0.3,0.9,0,64,110,110,110,110,110,110,110,484,484,484,25,25,25,290,110,110,110,110,110
"331",1000,0.3,1,1,62,110,110,210,210,210,210,41,25,25,25,307,110,110,110,110,0,0,0,0
"332",1000,0.3,1,0,64,64,209,209,210,210,210,210,34,34,19,110,110,110,110,110,110,110,110,149
"333",1000,0.3,1,0,48,48,48,306,110,110,110,210,110,110,110,110,110,110,110,110,110,110,110,110
"334",1000,0.3,1,1,59,110,110,110,110,110,446,12,110,110,109,110,110,110,110,110,109,0,0,0
"335",1000,0.3,1,0,53,53,53,310,110,110,110,109,110,109,109,210,110,110,210,210,210,210,210,210
"336",1000,0.3,1,1,61,110,110,110,110,110,110,110,110,110,110,157,10,10,210,0,0,0,0,0
"337",1000,0.3,1,0,66,110,110,110,209,209,209,209,209,106,26,23,23,23,310,110,110,110,110,209
"338",1000,0.3,1,1,71,110,110,110,110,110,110,402,402,402,15,15,210,110,110,110,110,0,0,0
"339",1000,0.3,1,0,63,63,210,110,110,110,210,21,110,110,110,210,110,110,110,109,110,110,110,110
"340",1000,0.3,1,0,73,73,210,109,109,109,109,400,400,20,110,110,110,110,110,110,110,147,147,13
"341",1000,0.4,0,0,55,55,55,110,110,110,110,110,110,110,110,110,109,110,110,109,110,110,110,110
"342",1000,0.4,0,1,63,63,63,63,110,110,109,110,110,110,110,110,110,0,0,0,0,0,0,0
"343",1000,0.4,0,0,36,110,110,110,110,110,110,110,110,110,110,110,110,110,110,110,110,110,110,110
"344",1000,0.4,0,1,58,58,58,110,110,110,110,110,110,110,110,110,110,110,109,110,0,0,0,0
"345",1000,0.4,0,0,56,56,56,110,110,110,110,110,110,110,110,110,110,110,110,110,110,110,12,12
"346",1000,0.4,0,1,63,63,110,110,110,110,110,110,110,110,110,110,110,110,11,11,110,0,0,0
"347",1000,0.4,0,1,63,63,63,63,110,110,110,110,110,110,110,110,110,13,13,110,0,0,0,0
"348",1000,0.4,0,1,69,69,110,110,110,110,110,110,110,110,110,10,10,110,0,0,0,0,0,0
"349",1000,0.4,0,1,73,73,110,110,110,110,110,110,110,110,22,22,22,110,110,110,0,0,0,0
"350",1000,0.4,0,1,45,45,110,110,110,110,110,110,110,110,0,0,0,0,0,0,0,0,0,0
"351",1000,0.4,0.1,0,76,76,76,76,140,140,120,110,110,120,120,120,120,120,120,120,19,19,120,110
"352",1000,0.4,0.1,0,64,64,64,130,130,130,130,130,130,130,130,130,130,13,13,120,110,110,110,109
"353",1000,0.4,0.1,1,73,73,73,130,130,130,130,130,130,130,130,11,11,120,0,0,0,0,0,0
"354",1000,0.4,0.1,1,63,63,63,63,140,140,140,140,140,150,150,150,150,150,10,10,120,0,0,0
"355",1000,0.4,0.1,0,62,62,62,130,110,110,110,110,110,140,140,140,140,140,140,140,140,140,15,15
"356",1000,0.4,0.1,0,59,59,59,130,110,110,110,109,109,109,129,110,110,110,109,110,109,110,110,110
"357",1000,0.4,0.1,0,62,110,110,110,109,110,110,120,110,110,120,110,109,110,110,120,110,110,110,109
"358",1000,0.4,0.1,0,57,110,110,120,120,120,120,120,120,120,120,120,120,120,120,120,13,13,120,110
"359",1000,0.4,0.1,0,77,77,77,130,110,110,110,110,110,110,110,19,19,120,120,120,110,109,110,109
"360",1000,0.4,0.1,0,69,69,120,110,110,110,130,130,130,130,130,130,130,130,130,130,12,12,120,110
"361",1000,0.4,0.2,0,71,71,71,71,71,190,190,190,190,190,190,190,11,110,110,110,110,110,21,21
"362",1000,0.4,0.2,0,50,110,110,110,150,110,110,110,110,110,110,110,110,110,20,20,130,130,130,150
"363",1000,0.4,0.2,0,57,57,130,110,110,130,130,130,150,150,150,148,110,110,110,150,150,130,130,130
"364",1000,0.4,0.2,1,66,66,130,130,130,110,110,110,110,110,110,21,21,21,21,150,110,110,110,0
"365",1000,0.4,0.2,1,45,45,45,150,110,110,109,110,0,0,0,0,0,0,0,0,0,0,0,0
"366",1000,0.4,0.2,1,56,56,56,150,110,109,110,110,110,110,110,110,110,109,0,0,0,0,0,0
"367",1000,0.4,0.2,1,66,66,66,66,170,170,170,170,19,19,130,110,0,0,0,0,0,0,0,0
"368",1000,0.4,0.2,0,60,60,130,110,110,110,110,110,130,130,130,130,130,130,130,130,130,130,130,10
"369",1000,0.4,0.2,0,60,60,130,110,110,110,110,109,109,109,109,109,188,188,188,188,12,12,130,110
"370",1000,0.4,0.2,1,66,110,110,110,110,110,110,110,110,110,110,110,110,110,14,14,130,110,0,0
"371",1000,0.4,0.3,0,53,110,110,140,140,140,140,140,140,140,140,14,110,110,110,170,170,170,170,170
"372",1000,0.4,0.3,0,58,58,140,110,110,110,110,110,110,110,289,289,289,289,289,18,18,140,110,110
"373",1000,0.4,0.3,1,54,54,54,170,110,110,110,110,110,110,110,110,109,110,110,0,0,0,0,0
"374",1000,0.4,0.3,0,66,66,66,66,200,110,110,140,140,140,140,140,140,140,140,140,140,140,140,140
"375",1000,0.4,0.3,0,64,64,64,64,200,200,140,140,140,140,140,140,140,17,18,18,140,110,110,110
"376",1000,0.4,0.3,0,66,66,66,170,110,109,109,109,109,109,109,109,109,18,18,18,170,110,110,110
"377",1000,0.4,0.3,0,64,110,110,110,110,110,110,110,110,110,110,110,110,26,26,140,110,109,110,110
"378",1000,0.4,0.3,1,69,69,69,69,200,200,200,200,200,13,13,140,110,110,110,0,0,0,0,0
"379",1000,0.4,0.3,0,68,109,109,109,109,109,109,109,109,109,109,109,109,66,66,18,18,18,169,110
"380",1000,0.4,0.3,0,59,110,110,110,170,170,170,170,170,170,170,170,13,110,110,110,19,19,140,110
"381",1000,0.4,0.4,0,59,110,110,110,110,110,110,110,110,110,110,110,110,87,16,16,149,110,110,109
"382",1000,0.4,0.4,0,51,110,110,110,110,110,110,110,190,110,110,150,150,149,149,149,149,149,149,13
"383",1000,0.4,0.4,1,50,50,50,190,110,110,110,109,110,109,110,110,110,110,110,109,110,0,0,0
"384",1000,0.4,0.4,0,61,61,61,61,61,61,61,61,61,378,109,109,109,109,109,109,109,28,18,18
"385",1000,0.4,0.4,0,61,61,61,189,189,189,190,190,190,190,190,21,21,150,110,110,110,109,110,110
"386",1000,0.4,0.4,0,57,57,150,110,110,109,109,150,110,110,110,110,189,189,189,189,189,189,189,189
"387",1000,0.4,0.4,1,45,110,109,109,150,150,149,149,149,149,149,14,14,150,109,110,0,0,0,0
"388",1000,0.4,0.4,0,56,56,56,189,110,110,110,110,110,110,150,109,109,109,190,110,110,109,110,109
"389",1000,0.4,0.4,0,60,60,149,149,149,149,149,149,149,10,109,110,110,150,150,150,150,150,150,150
"390",1000,0.4,0.4,1,57,57,150,150,150,150,150,150,150,17,17,17,190,109,110,0,0,0,0,0
"391",1000,0.4,0.5,0,64,64,160,160,160,160,160,160,160,160,160,160,84,15,15,160,110,110,110,110
"392",1000,0.4,0.5,1,58,58,58,210,110,110,110,210,210,210,210,210,210,210,37,11,11,160,0,0
"393",1000,0.4,0.5,0,62,62,62,62,260,260,260,260,260,260,17,17,160,110,109,110,109,110,109,110
"394",1000,0.4,0.5,0,59,110,110,160,160,160,160,160,160,22,22,20,110,110,110,110,159,159,160,160
"395",1000,0.4,0.5,0,67,67,160,110,110,110,110,110,110,110,360,360,360,16,16,160,110,110,110,109
"396",1000,0.4,0.5,1,62,62,62,210,110,110,109,110,110,110,160,110,110,110,110,109,110,109,0,0
"397",1000,0.4,0.5,0,65,65,65,210,110,109,110,110,110,110,209,209,160,160,160,160,160,160,160,160
"398",1000,0.4,0.5,0,51,110,109,109,109,109,109,109,109,109,70,15,15,160,160,160,160,160,160,160
"399",1000,0.4,0.5,0,57,110,110,110,110,110,110,110,110,110,110,110,110,118,21,12,110,110,110,110
"400",1000,0.4,0.5,0,65,110,110,110,110,110,110,260,260,260,260,260,260,17,17,160,160,160,160,258
"401",1000,0.4,0.6,1,62,110,110,110,170,170,170,170,16,16,170,110,109,0,0,0,0,0,0,0
"402",1000,0.4,0.6,0,52,110,110,170,110,110,110,110,110,110,39,39,170,110,110,110,110,15,15,170
"403",1000,0.4,0.6,0,69,110,110,110,110,110,110,110,110,110,110,136,10,110,110,110,110,110,18,20
"404",1000,0.4,0.6,0,56,56,170,170,170,110,110,170,110,110,110,110,110,110,110,110,110,110,110,110
"405",1000,0.4,0.6,0,66,66,169,169,169,169,169,169,169,169,109,22,22,22,22,290,110,110,170,110
"406",1000,0.4,0.6,0,74,74,74,74,290,110,110,110,170,110,110,110,110,110,350,350,350,230,230,230
"407",1000,0.4,0.6,0,71,71,170,170,170,170,170,170,170,68,19,19,170,170,170,170,170,170,41,41
"408",1000,0.4,0.6,0,59,59,170,170,170,170,170,170,170,170,170,170,25,25,25,25,289,110,109,110
"409",1000,0.4,0.6,0,69,69,69,69,69,349,349,170,110,110,110,110,290,18,18,170,110,109,110,109
"410",1000,0.4,0.6,0,68,68,68,68,284,284,170,170,19,110,110,110,110,110,110,110,110,110,110,110
"411",1000,0.4,0.7,0,54,54,54,248,110,110,110,180,110,110,180,180,180,180,180,17,17,180,110,110
"412",1000,0.4,0.7,0,72,72,72,72,319,319,319,319,16,16,180,180,180,180,180,180,180,22,22,22
"413",1000,0.4,0.7,1,68,68,180,180,180,180,180,180,180,180,180,136,10,10,180,0,0,0,0,0
"414",1000,0.4,0.7,0,65,65,180,110,110,179,110,110,180,180,180,180,180,180,180,180,180,180,180,176
"415",1000,0.4,0.7,0,47,47,179,110,109,109,180,180,180,180,180,180,180,108,12,12,180,110,110,110
"416",1000,0.4,0.7,0,67,67,67,250,250,250,250,250,250,250,105,19,19,180,110,110,110,110,110,110
"417",1000,0.4,0.7,1,53,110,110,110,249,249,249,249,249,249,249,249,249,129,10,10,180,0,0,0
"418",1000,0.4,0.7,1,50,50,50,249,110,110,110,110,110,110,110,110,110,109,0,0,0,0,0,0
"419",1000,0.4,0.7,0,63,110,110,180,180,180,180,180,180,180,180,131,131,12,12,180,110,110,110,110
"420",1000,0.4,0.7,0,57,57,180,180,180,180,180,180,180,106,19,110,110,110,21,21,180,110,110,109
"421",1000,0.4,0.8,0,53,53,189,110,110,110,110,270,270,270,263,263,263,263,263,263,87,14,14,190
"422",1000,0.4,0.8,1,60,60,190,109,110,110,190,190,190,190,190,190,190,190,190,156,10,10,190,0
"423",1000,0.4,0.8,0,71,110,110,190,190,190,190,34,34,34,34,34,382,110,110,110,110,110,110,110
"424",1000,0.4,0.8,1,58,58,190,190,188,188,188,188,17,17,17,270,110,110,109,0,0,0,0,0
"425",1000,0.4,0.8,0,61,110,110,110,110,110,110,110,110,110,110,122,19,19,19,268,268,190,109,109
"426",1000,0.4,0.8,0,55,55,190,110,110,110,190,110,109,110,110,110,109,110,110,109,110,110,109,110
"427",1000,0.4,0.8,0,57,57,190,190,188,110,110,110,110,110,110,431,14,110,110,189,189,189,17,110
"428",1000,0.4,0.8,0,67,67,67,67,67,67,384,110,110,110,110,110,347,347,347,347,13,110,109,110
"429",1000,0.4,0.8,0,68,110,110,110,110,110,110,110,439,439,439,439,11,109,110,110,190,190,189,110
"430",1000,0.4,0.8,1,58,58,190,190,190,190,190,190,98,12,12,190,110,110,0,0,0,0,0,0
"431",1000,0.4,0.9,1,56,110,110,110,110,110,110,110,110,110,110,110,110,639,639,639,10,10,197,0
"432",1000,0.4,0.9,1,72,72,72,72,72,72,72,72,72,72,595,595,595,10,10,200,0,0,0,0
"433",1000,0.4,0.9,0,69,69,69,69,69,401,401,401,401,401,401,401,119,12,12,200,110,110,110,110
"434",1000,0.4,0.9,1,68,110,110,110,290,290,290,18,18,200,110,110,110,110,109,110,0,0,0,0
"435",1000,0.4,0.9,0,63,63,200,200,200,200,200,65,65,65,65,65,65,65,65,65,65,65,103,103
"436",1000,0.4,0.9,1,68,68,68,285,285,285,285,285,84,11,11,199,110,0,0,0,0,0,0,0
"437",1000,0.4,0.9,0,59,59,200,200,200,200,32,32,32,290,290,200,200,200,18,18,200,110,110,110
"438",1000,0.4,0.9,1,48,48,199,110,110,109,110,110,109,110,110,109,110,0,0,0,0,0,0,0
"439",1000,0.4,0.9,1,49,49,49,290,110,110,110,110,109,110,0,0,0,0,0,0,0,0,0,0
"440",1000,0.4,0.9,0,54,110,109,109,109,109,109,420,420,420,420,16,110,110,110,110,198,198,12,110
"441",1000,0.4,1,1,63,63,63,63,63,418,418,418,418,13,13,210,110,110,110,110,110,0,0,0
"442",1000,0.4,1,0,52,52,210,210,207,207,207,207,207,89,15,15,208,208,210,210,210,210,210,210
"443",1000,0.4,1,1,59,59,208,208,208,208,208,208,208,208,174,10,10,209,0,0,0,0,0,0
"444",1000,0.4,1,0,59,59,59,59,59,421,110,110,210,109,109,208,208,208,208,208,208,108,15,15
"445",1000,0.4,1,0,55,55,55,308,110,110,110,110,310,310,210,110,110,110,110,110,110,127,12,12
"446",1000,0.4,1,0,62,62,210,110,109,109,210,110,110,110,110,401,401,401,401,39,21,21,21,310
"447",1000,0.4,1,1,63,110,110,110,308,308,308,308,308,308,131,10,10,209,110,110,0,0,0,0
"448",1000,0.4,1,0,71,71,71,306,306,306,306,47,47,47,22,10,110,110,110,110,110,110,109,110
"449",1000,0.4,1,1,60,60,60,60,377,110,109,110,110,110,110,110,0,0,0,0,0,0,0,0
"450",1000,0.4,1,0,54,54,209,209,210,210,210,210,210,210,210,136,136,136,14,17,17,207,109,110
"451",1000,0.5,0,0,59,59,110,110,110,110,110,110,110,110,110,109,110,110,110,110,109,110,109,110
"452",1000,0.5,0,1,42,42,110,110,110,110,109,110,110,110,110,0,0,0,0,0,0,0,0,0
"453",1000,0.5,0,0,70,70,110,110,110,110,110,110,110,110,110,110,110,110,110,110,13,13,110,110
"454",1000,0.5,0,1,53,53,53,53,110,109,110,110,110,110,0,0,0,0,0,0,0,0,0,0
"455",1000,0.5,0,0,47,47,110,110,110,110,110,110,110,110,110,110,110,110,110,109,110,110,110,110
"456",1000,0.5,0,1,51,110,110,110,110,110,110,110,110,110,10,10,109,0,0,0,0,0,0,0
"457",1000,0.5,0,1,64,64,64,64,110,110,110,110,110,109,110,109,0,0,0,0,0,0,0,0
"458",1000,0.5,0,1,50,110,110,110,110,110,109,109,109,109,109,109,109,10,10,109,0,0,0,0
"459",1000,0.5,0,1,52,52,52,110,109,110,110,110,110,110,110,110,0,0,0,0,0,0,0,0
"460",1000,0.5,0,0,64,110,110,110,110,110,110,110,110,110,110,110,110,110,110,109,110,109,110,110
"461",1000,0.5,0.1,1,58,109,109,120,120,120,120,120,120,120,120,120,120,120,120,10,10,120,0,0
"462",1000,0.5,0.1,0,58,58,58,130,110,110,110,110,110,110,110,110,110,110,200,200,200,200,200,200
"463",1000,0.5,0.1,1,48,48,48,130,110,110,110,110,110,109,110,110,110,0,0,0,0,0,0,0
"464",1000,0.5,0.1,1,60,110,110,110,130,130,130,130,130,130,130,130,11,11,120,110,0,0,0,0
"465",1000,0.5,0.1,1,73,73,73,130,130,120,120,120,120,120,120,13,13,120,110,110,0,0,0,0
"466",1000,0.5,0.1,0,57,57,120,120,120,120,140,140,140,140,140,140,140,140,140,140,140,140,140,140
"467",1000,0.5,0.1,1,60,60,60,60,140,110,110,110,110,110,110,110,0,0,0,0,0,0,0,0
"468",1000,0.5,0.1,1,51,51,120,120,119,110,110,109,110,109,110,110,110,120,110,110,109,0,0,0
"469",1000,0.5,0.1,0,60,60,60,129,129,120,120,120,120,120,120,120,120,120,120,120,120,120,120,120
"470",1000,0.5,0.1,0,63,63,63,129,110,110,110,110,110,110,110,110,110,110,200,200,200,200,200,200
"471",1000,0.5,0.2,1,75,75,75,75,170,170,170,170,170,170,170,10,10,130,0,0,0,0,0,0
"472",1000,0.5,0.2,0,62,62,130,130,130,130,130,130,130,130,130,130,130,130,130,130,130,130,130,48
"473",1000,0.5,0.2,0,71,71,71,71,71,189,110,110,110,110,110,110,110,110,110,110,110,110,110,24
"474",1000,0.5,0.2,0,74,74,74,74,74,74,74,74,74,74,74,74,74,74,74,74,74,74,74,52
"475",1000,0.5,0.2,0,68,68,68,68,170,170,170,170,170,170,170,170,170,170,12,12,130,110,109,110
"476",1000,0.5,0.2,0,60,60,60,60,170,110,110,110,110,110,110,110,110,110,110,110,110,15,15,130
"477",1000,0.5,0.2,1,62,62,130,130,130,130,130,130,130,130,130,130,130,10,10,130,0,0,0,0
"478",1000,0.5,0.2,1,54,54,54,150,110,110,109,110,110,109,0,0,0,0,0,0,0,0,0,0
"479",1000,0.5,0.2,0,57,57,130,110,110,110,150,150,150,150,150,150,150,150,11,110,110,110,110,110
"480",1000,0.5,0.2,1,75,75,75,150,150,150,150,150,150,150,150,150,12,12,130,110,110,0,0,0
"481",1000,0.5,0.3,0,54,54,54,170,110,110,110,110,200,200,200,200,200,200,200,200,15,15,140,140
"482",1000,0.5,0.3,1,68,68,68,170,170,170,170,13,13,140,110,110,110,0,0,0,0,0,0,0
"483",1000,0.5,0.3,0,63,63,140,140,140,140,140,140,140,140,140,140,140,140,140,140,140,98,11,11
"484",1000,0.5,0.3,0,65,65,65,65,199,199,199,170,170,170,170,170,170,170,170,12,12,140,110,110
"485",1000,0.5,0.3,1,60,60,60,60,198,110,110,110,109,109,140,110,110,110,110,110,0,0,0,0
"486",1000,0.5,0.3,0,59,59,140,140,140,140,140,140,140,140,140,140,140,140,140,140,62,10,10,140
"487",1000,0.5,0.3,0,40,110,110,110,109,109,109,170,110,110,140,140,140,140,200,110,110,110,110,110
"488",1000,0.5,0.3,0,71,71,71,71,198,110,110,110,170,170,170,170,170,170,170,170,170,16,16,140
"489",1000,0.5,0.3,1,63,63,140,140,140,140,140,140,140,140,140,140,12,12,140,110,110,110,0,0
"490",1000,0.5,0.3,0,61,61,140,140,139,139,139,139,139,139,139,139,139,17,17,17,170,110,109,110
"491",1000,0.5,0.4,0,57,57,57,190,109,110,110,110,150,150,150,189,189,189,189,189,189,10,10,150
"492",1000,0.5,0.4,0,57,57,150,109,109,109,109,109,109,109,109,109,109,109,109,109,109,115,10,10
"493",1000,0.5,0.4,0,66,66,66,189,110,110,110,110,150,110,110,110,110,150,150,148,110,110,110,110
"494",1000,0.5,0.4,0,51,110,109,109,150,150,150,150,150,150,150,150,150,49,49,49,49,49,49,49
"495",1000,0.5,0.4,1,50,50,50,50,50,270,110,110,110,110,110,0,0,0,0,0,0,0,0,0
"496",1000,0.5,0.4,0,67,110,110,110,110,110,110,110,110,308,308,308,308,308,308,308,308,34,34,34
"497",1000,0.5,0.4,1,45,45,150,150,150,110,110,109,110,109,110,109,110,110,110,110,110,110,0,0
"498",1000,0.5,0.4,1,47,47,47,190,110,110,110,109,110,109,0,0,0,0,0,0,0,0,0,0
"499",1000,0.5,0.4,1,61,61,150,150,150,150,150,150,150,15,15,150,110,110,110,110,0,0,0,0
"500",1000,0.5,0.4,1,49,49,49,190,190,190,187,110,110,110,110,109,110,110,0,0,0,0,0,0
"501",1000,0.5,0.5,1,56,56,160,160,160,160,160,160,160,160,160,160,81,11,11,160,110,110,0,0
"502",1000,0.5,0.5,1,68,68,160,160,160,160,160,160,160,160,70,12,12,160,110,110,0,0,0,0
"503",1000,0.5,0.5,1,55,110,110,110,110,110,110,110,110,65,65,12,12,160,110,110,0,0,0,0
"504",1000,0.5,0.5,0,52,110,110,110,110,110,110,110,110,110,110,110,110,110,110,110,168,168,11,11
"505",1000,0.5,0.5,1,70,70,160,160,160,160,160,160,160,160,160,160,160,110,17,17,17,17,260,0
"506",1000,0.5,0.5,0,55,55,55,210,210,210,210,210,210,24,24,24,210,210,210,210,210,14,14,160
"507",1000,0.5,0.5,1,60,110,110,160,160,160,160,160,14,14,160,110,110,110,110,110,0,0,0,0
"508",1000,0.5,0.5,1,63,63,160,160,160,160,17,17,160,110,109,0,0,0,0,0,0,0,0,0
"509",1000,0.5,0.5,0,80,80,80,80,80,80,80,80,80,80,80,80,80,80,80,80,80,80,80,80
"510",1000,0.5,0.5,1,64,64,64,210,210,210,210,210,210,210,210,210,210,94,10,10,160,0,0,0
"511",1000,0.5,0.6,1,58,110,110,110,110,290,290,290,290,290,290,290,290,90,10,10,170,0,0,0
"512",1000,0.5,0.6,0,56,56,56,229,229,229,230,230,230,230,230,20,12,110,110,109,110,110,110,110
"513",1000,0.5,0.6,0,62,62,62,62,290,110,110,170,170,170,170,170,170,170,84,84,15,15,170,110
"514",1000,0.5,0.6,0,57,57,57,57,290,110,109,109,109,109,288,288,170,170,170,170,170,170,170,170
"515",1000,0.5,0.6,0,58,58,58,228,228,170,110,110,110,110,170,110,110,110,170,170,169,169,169,169
"516",1000,0.5,0.6,0,68,68,68,68,68,68,402,402,402,402,402,402,402,402,108,108,10,10,170,110
"517",1000,0.5,0.6,0,69,69,69,69,69,69,69,69,69,69,468,468,468,468,468,468,468,11,11,168
"518",1000,0.5,0.6,0,68,68,170,170,170,230,230,230,230,230,230,45,14,14,170,110,109,110,110,110
"519",1000,0.5,0.6,1,62,62,62,230,230,230,230,230,230,230,81,15,15,15,230,110,0,0,0,0
"520",1000,0.5,0.6,0,69,69,69,69,69,350,110,110,170,170,170,170,170,170,170,83,15,15,15,230
"521",1000,0.5,0.7,0,66,66,66,250,110,110,110,110,313,110,110,110,250,250,250,250,250,250,250,99
"522",1000,0.5,0.7,1,47,110,110,110,110,110,110,110,110,110,110,110,177,12,12,180,110,110,110,0
"523",1000,0.5,0.7,1,69,69,69,69,69,69,69,69,451,110,109,110,110,110,110,109,110,109,110,0
"524",1000,0.5,0.7,0,58,110,110,110,110,110,110,110,110,110,110,110,155,15,15,15,250,110,110,110
"525",1000,0.5,0.7,0,56,56,56,247,247,180,110,110,110,110,315,315,315,248,248,248,250,250,250,250
"526",1000,0.5,0.7,0,60,60,60,248,248,248,248,248,248,248,248,248,248,248,166,14,14,180,180,180
"527",1000,0.5,0.7,1,64,64,64,64,64,361,361,361,361,361,361,63,10,10,180,0,0,0,0,0
"528",1000,0.5,0.7,1,55,55,55,250,250,250,250,250,250,250,250,250,129,10,10,179,110,110,0,0
"529",1000,0.5,0.7,1,55,55,180,180,180,180,180,180,180,102,102,10,10,180,0,0,0,0,0,0
"530",1000,0.5,0.7,1,56,56,56,248,110,109,110,110,110,110,109,110,0,0,0,0,0,0,0,0
"531",1000,0.5,0.8,1,51,110,110,189,189,189,189,189,45,45,45,14,14,190,110,0,0,0,0,0
"532",1000,0.5,0.8,1,58,58,190,190,190,190,190,190,190,190,190,190,174,12,12,190,110,110,110,0
"533",1000,0.5,0.8,1,54,54,190,190,190,270,270,270,270,270,270,270,86,10,10,189,0,0,0,0
"534",1000,0.5,0.8,1,52,52,188,110,110,110,110,110,109,110,110,110,110,110,110,110,110,110,0,0
"535",1000,0.5,0.8,1,61,61,190,190,190,190,190,190,190,190,190,190,174,11,11,190,109,110,0,0
"536",1000,0.5,0.8,0,51,51,190,110,110,190,190,190,190,190,190,190,121,11,110,110,190,110,110,110
"537",1000,0.5,0.8,1,57,110,110,110,110,350,350,350,350,350,350,100,11,11,190,110,110,110,0,0
"538",1000,0.5,0.8,0,65,65,65,65,65,399,109,109,109,269,269,269,269,21,21,21,269,110,110,110
"539",1000,0.5,0.8,1,56,56,56,56,345,110,110,110,110,110,110,110,110,110,109,0,0,0,0,0
"540",1000,0.5,0.8,0,50,50,190,109,109,190,109,109,190,109,110,110,110,110,110,110,110,109,110,110
"541",1000,0.5,0.9,1,57,57,57,288,110,110,198,198,198,198,198,198,98,10,10,197,0,0,0,0
"542",1000,0.5,0.9,1,67,67,67,289,289,289,289,289,289,108,108,10,10,200,110,110,0,0,0,0
"543",1000,0.5,0.9,1,70,70,70,287,287,287,287,19,19,198,110,110,110,109,110,0,0,0,0,0
"544",1000,0.5,0.9,0,51,110,110,200,200,200,200,200,200,200,200,200,171,12,12,200,110,110,110,110
"545",1000,0.5,0.9,1,53,110,110,110,110,110,110,110,110,110,110,110,200,18,18,18,18,351,0,0
"546",1000,0.5,0.9,0,56,110,110,110,199,199,199,199,199,199,199,131,16,16,16,290,110,109,110,110
"547",1000,0.5,0.9,1,60,60,200,200,200,200,200,200,200,75,75,11,11,200,110,110,0,0,0,0
"548",1000,0.5,0.9,0,62,62,62,62,372,110,110,197,110,110,109,110,110,109,110,110,110,200,110,110
"549",1000,0.5,0.9,0,55,55,55,287,287,200,200,200,200,200,200,200,200,200,200,208,11,11,200,110
"550",1000,0.5,0.9,1,58,110,110,200,200,200,200,200,200,200,200,142,142,10,10,200,110,0,0,0
"551",1000,0.5,1,1,60,60,60,60,361,110,110,209,110,110,110,110,110,110,110,109,0,0,0,0
"552",1000,0.5,1,1,67,110,110,110,110,110,110,110,110,540,540,540,540,10,10,209,0,0,0,0
"553",1000,0.5,1,0,57,57,210,210,210,210,210,210,210,210,210,210,225,12,12,210,110,109,110,110
"554",1000,0.5,1,0,57,110,110,110,210,210,210,210,210,210,210,210,210,210,215,11,11,210,110,110
"555",1000,0.5,1,1,56,56,56,310,310,310,310,310,310,310,310,168,12,12,209,110,110,110,0,0
"556",1000,0.5,1,1,61,61,61,309,110,110,110,110,110,110,110,110,110,195,10,10,210,0,0,0
"557",1000,0.5,1,1,49,49,210,210,210,210,210,10,109,110,110,110,110,109,110,110,110,110,0,0
"558",1000,0.5,1,1,47,47,210,210,210,110,110,110,310,310,310,310,310,310,131,131,10,10,210,0
"559",1000,0.5,1,0,62,62,62,310,110,110,210,210,210,210,210,210,210,210,210,153,10,10,209,110
"560",1000,0.5,1,1,42,42,209,209,210,210,210,210,210,210,210,210,210,189,10,10,209,0,0,0
"561",1000,0.6,0,0,54,54,54,110,110,110,110,109,109,109,109,109,109,110,110,110,110,110,110,110
"562",1000,0.6,0,1,63,63,63,63,63,110,109,110,110,110,110,110,110,110,0,0,0,0,0,0
"563",1000,0.6,0,1,69,110,110,110,110,110,110,110,110,110,110,110,110,110,110,10,10,110,0,0
"564",1000,0.6,0,1,62,62,62,110,110,110,110,110,110,110,110,110,110,110,110,110,0,0,0,0
"565",1000,0.6,0,1,64,64,64,110,109,110,110,110,110,110,110,110,110,0,0,0,0,0,0,0
"566",1000,0.6,0,1,61,61,61,61,61,110,110,109,110,110,109,110,110,110,110,0,0,0,0,0
"567",1000,0.6,0,1,62,62,62,62,110,110,110,109,110,109,0,0,0,0,0,0,0,0,0,0
"568",1000,0.6,0,0,59,110,110,110,110,110,110,110,110,110,110,110,110,110,110,110,110,110,13,13
"569",1000,0.6,0,1,68,68,68,68,68,110,110,110,110,109,110,110,110,110,110,0,0,0,0,0
"570",1000,0.6,0,0,52,52,110,110,110,110,110,110,110,110,110,110,110,110,110,110,109,109,109,110
"571",1000,0.6,0.1,0,65,65,65,65,140,140,140,140,140,140,140,140,140,140,140,140,140,140,14,14
"572",1000,0.6,0.1,0,61,61,61,61,140,140,140,140,140,140,160,160,160,160,160,160,160,14,14,14
"573",1000,0.6,0.1,0,66,66,66,130,130,130,130,130,130,130,130,130,130,130,130,130,130,130,130,130
"574",1000,0.6,0.1,0,72,72,72,72,72,72,160,160,160,160,160,160,160,160,160,160,160,160,12,12
"575",1000,0.6,0.1,0,73,73,73,73,73,73,73,170,170,170,170,170,170,170,170,170,170,170,170,170
"576",1000,0.6,0.1,1,57,57,57,57,140,110,110,110,110,110,109,110,0,0,0,0,0,0,0,0
"577",1000,0.6,0.1,1,68,68,68,68,68,150,150,150,150,150,150,150,150,150,10,10,120,0,0,0
"578",1000,0.6,0.1,0,65,65,120,120,120,120,120,120,120,120,120,120,120,120,120,13,13,120,110,110
"579",1000,0.6,0.1,1,53,53,53,53,140,110,110,110,109,110,110,0,0,0,0,0,0,0,0,0
"580",1000,0.6,0.1,0,77,77,77,77,77,77,77,77,77,77,77,77,77,77,77,77,77,77,77,77
"581",1000,0.6,0.2,1,67,67,67,67,67,67,67,227,110,110,110,109,110,110,0,0,0,0,0,0
"582",1000,0.6,0.2,1,56,56,56,56,56,190,110,109,110,110,109,0,0,0,0,0,0,0,0,0
"583",1000,0.6,0.2,0,55,55,55,55,169,169,169,169,169,169,169,169,169,169,169,169,169,20,20,20
"584",1000,0.6,0.2,1,50,50,50,50,170,110,110,110,110,0,0,0,0,0,0,0,0,0,0,0
"585",1000,0.6,0.2,0,64,64,64,64,170,170,170,170,170,170,170,170,170,170,170,11,11,129,110,109
"586",1000,0.6,0.2,1,60,60,60,60,170,170,170,170,170,170,170,13,13,130,0,0,0,0,0,0
"587",1000,0.6,0.2,0,55,55,55,149,110,110,130,130,130,130,130,130,130,130,130,130,130,130,10,10
"588",1000,0.6,0.2,0,54,54,130,130,130,130,130,130,130,130,130,130,130,14,14,130,110,109,110,109
"589",1000,0.6,0.2,1,67,67,67,67,170,110,110,130,110,109,110,110,110,0,0,0,0,0,0,0
"590",1000,0.6,0.2,1,56,56,56,56,56,190,110,110,110,110,110,0,0,0,0,0,0,0,0,0
"591",1000,0.6,0.3,1,70,70,70,70,70,70,70,290,110,110,110,110,109,110,0,0,0,0,0,0
"592",1000,0.6,0.3,0,51,51,51,168,168,168,168,168,168,168,168,168,168,168,168,48,12,12,140,110
"593",1000,0.6,0.3,0,72,72,72,72,72,72,72,290,290,290,290,290,290,290,290,290,290,23,23,23
"594",1000,0.6,0.3,1,54,54,54,54,200,110,110,110,110,109,0,0,0,0,0,0,0,0,0,0
"595",1000,0.6,0.3,1,53,53,53,53,200,110,110,109,110,110,0,0,0,0,0,0,0,0,0,0
"596",1000,0.6,0.3,1,51,51,51,169,110,109,110,110,110,110,109,0,0,0,0,0,0,0,0,0
"597",1000,0.6,0.3,1,57,57,57,57,200,200,140,140,140,110,110,109,110,0,0,0,0,0,0,0
"598",1000,0.6,0.3,1,58,58,58,58,200,110,110,110,140,110,109,110,110,0,0,0,0,0,0,0
"599",1000,0.6,0.3,1,57,57,57,57,200,200,140,110,110,110,110,110,110,110,0,0,0,0,0,0
"600",1000,0.6,0.3,1,53,53,53,53,200,110,110,140,110,110,109,0,0,0,0,0,0,0,0,0
"601",1000,0.6,0.4,1,57,57,57,57,57,270,110,110,110,110,110,110,0,0,0,0,0,0,0,0
"602",1000,0.6,0.4,1,69,69,69,69,230,230,230,230,230,230,230,230,230,230,73,10,10,150,0,0
"603",1000,0.6,0.4,0,53,53,53,190,110,110,110,110,110,110,110,110,110,110,110,110,110,110,110,110
"604",1000,0.6,0.4,0,59,59,59,190,190,190,190,190,190,190,190,190,190,190,92,92,12,12,150,109
"605",1000,0.6,0.4,0,56,56,56,189,189,189,190,190,190,190,190,190,190,190,190,190,71,10,10,150
"606",1000,0.6,0.4,1,59,59,149,149,149,149,149,149,149,149,23,23,23,23,23,270,110,109,0,0
"607",1000,0.6,0.4,0,63,63,150,150,150,150,150,150,150,150,150,150,150,150,150,108,14,14,14,189
"608",1000,0.6,0.4,1,58,58,58,58,58,58,58,347,110,110,0,0,0,0,0,0,0,0,0,0
"609",1000,0.6,0.4,1,63,63,63,63,230,230,230,230,230,230,230,230,230,230,75,10,10,150,0,0
"610",1000,0.6,0.4,0,61,61,61,61,230,230,230,230,230,230,230,230,230,69,12,12,150,110,110,110
"611",1000,0.6,0.5,0,72,72,72,210,210,210,210,210,210,210,210,210,210,123,123,15,15,15,209,110
"612",1000,0.6,0.5,1,68,68,68,68,68,68,359,359,359,359,359,359,359,359,84,84,10,10,159,0
"613",1000,0.6,0.5,0,60,60,60,60,260,260,260,260,253,253,253,253,253,253,253,30,30,12,110,110
"614",1000,0.6,0.5,0,62,110,110,110,110,110,110,110,110,110,110,110,110,110,110,110,110,110,110,110
"615",1000,0.6,0.5,0,69,69,69,69,69,69,69,69,69,69,69,69,69,69,69,69,69,69,69,69
"616",1000,0.6,0.5,0,72,72,72,72,72,305,305,305,305,305,305,305,305,305,92,12,12,160,110,110
"617",1000,0.6,0.5,1,62,62,62,62,260,260,260,260,260,260,260,260,61,10,10,159,109,0,0,0
"618",1000,0.6,0.5,0,66,66,66,208,208,208,208,208,208,208,208,74,74,12,12,160,110,109,110,109
"619",1000,0.6,0.5,1,50,50,50,210,110,110,110,110,110,109,0,0,0,0,0,0,0,0,0,0
"620",1000,0.6,0.5,0,76,76,76,76,76,76,76,388,388,388,388,388,388,388,388,53,11,11,160,110
"621",1000,0.6,0.6,1,59,59,59,59,290,290,290,290,290,290,290,290,106,10,10,170,110,0,0,0
"622",1000,0.6,0.6,0,63,63,63,229,110,110,110,229,229,229,229,229,229,229,229,229,118,11,11,170
"623",1000,0.6,0.6,1,60,60,60,230,110,110,110,110,287,110,110,109,110,110,0,0,0,0,0,0
"624",1000,0.6,0.6,1,61,61,170,170,170,170,170,170,170,170,111,11,11,169,110,110,0,0,0,0
"625",1000,0.6,0.6,0,74,74,74,74,74,74,388,388,388,388,388,388,388,388,388,388,120,10,10,170
"626",1000,0.6,0.6,0,69,69,69,69,69,349,349,349,349,290,290,290,290,290,10,110,110,110,110,110
"627",1000,0.6,0.6,1,66,66,66,66,66,66,399,109,110,110,110,110,110,0,0,0,0,0,0,0
"628",1000,0.6,0.6,0,64,64,170,170,170,170,170,170,33,33,33,33,33,345,345,345,345,345,345,345
"629",1000,0.6,0.6,0,70,70,70,70,70,70,70,70,70,70,70,70,70,70,70,70,70,70,70,70
"630",1000,0.6,0.6,1,61,61,61,61,61,61,383,110,110,110,110,110,0,0,0,0,0,0,0,0
"631",1000,0.6,0.7,0,64,64,64,250,110,110,110,110,110,110,110,110,110,110,110,110,110,110,110,110
"632",1000,0.6,0.7,1,52,52,52,52,316,110,110,110,110,109,0,0,0,0,0,0,0,0,0,0
"633",1000,0.6,0.7,0,59,59,59,59,320,320,320,320,320,320,320,98,13,13,180,180,180,250,110,110
"634",1000,0.6,0.7,1,60,60,60,60,60,60,389,110,110,110,110,110,0,0,0,0,0,0,0,0
"635",1000,0.6,0.7,1,56,56,56,56,320,320,320,250,110,110,110,110,110,110,109,110,110,0,0,0
"636",1000,0.6,0.7,0,55,55,55,250,110,110,110,110,110,110,390,390,390,390,390,390,390,390,390,108
"637",1000,0.6,0.7,0,59,59,59,250,250,250,250,250,250,250,250,250,250,250,179,12,12,180,110,110
"638",1000,0.6,0.7,0,67,67,67,67,67,67,67,67,67,67,67,67,67,67,67,643,643,643,643,643
"639",1000,0.6,0.7,1,62,62,62,62,62,388,388,388,388,388,388,388,388,388,127,127,10,10,179,0
"640",1000,0.6,0.7,0,71,71,71,71,71,71,71,71,436,436,436,436,436,436,436,436,436,81,81,14
"641",1000,0.6,0.8,1,54,54,54,54,338,110,110,109,110,109,0,0,0,0,0,0,0,0,0,0
"642",1000,0.6,0.8,0,49,49,49,267,110,110,190,190,187,187,187,270,270,270,270,270,270,270,270,270
"643",1000,0.6,0.8,1,58,58,58,58,58,58,422,110,110,110,110,110,110,0,0,0,0,0,0,0
"644",1000,0.6,0.8,1,60,60,60,270,270,270,270,270,270,270,270,148,148,10,10,190,0,0,0,0
"645",1000,0.6,0.8,1,62,62,62,62,62,62,62,419,110,110,110,110,110,110,110,109,0,0,0,0
"646",1000,0.6,0.8,1,74,74,74,74,350,350,350,350,350,350,350,102,12,12,190,110,110,110,110,0
"647",1000,0.6,0.8,0,68,68,68,68,68,68,68,68,68,68,68,68,68,68,68,68,68,68,68,68
"648",1000,0.6,0.8,1,72,72,72,72,72,381,381,381,381,381,381,381,381,129,10,10,190,110,109,0
"649",1000,0.6,0.8,0,62,62,62,62,62,62,62,439,439,189,189,189,189,189,189,189,189,189,138,10
"650",1000,0.6,0.8,0,45,45,190,190,190,190,190,190,190,190,190,190,190,190,190,236,12,12,190,110
"651",1000,0.6,0.9,0,67,67,67,67,67,67,442,442,442,442,442,442,442,442,442,132,14,14,14,285
"652",1000,0.6,0.9,1,49,49,49,290,290,290,290,290,290,290,290,290,175,10,10,200,0,0,0,0
"653",1000,0.6,0.9,1,46,46,46,289,110,110,199,110,110,109,110,110,110,110,110,109,0,0,0,0
"654",1000,0.6,0.9,0,78,78,78,78,78,78,78,78,78,78,78,78,78,78,706,706,706,706,706,706
"655",1000,0.6,0.9,0,67,67,67,67,67,398,398,398,398,398,398,398,107,13,13,199,110,110,198,110
"656",1000,0.6,0.9,0,61,61,61,289,110,110,110,110,110,110,110,110,110,110,110,110,110,110,110,318
"657",1000,0.6,0.9,0,63,63,63,63,367,367,367,367,367,367,367,367,367,367,367,367,367,283,10,10
"658",1000,0.6,0.9,1,59,59,59,290,290,290,285,285,285,285,285,94,94,10,10,200,110,0,0,0
"659",1000,0.6,0.9,1,70,70,70,287,110,110,199,199,199,199,199,199,199,137,10,10,200,0,0,0
"660",1000,0.6,0.9,1,69,69,200,200,200,200,200,200,200,200,200,200,200,212,11,11,199,110,110,0
"661",1000,0.6,1,0,58,109,109,109,109,109,109,109,109,109,109,109,109,109,109,109,109,109,109,109
"662",1000,0.6,1,1,55,55,210,110,110,110,110,110,441,110,110,110,110,110,110,110,0,0,0,0
"663",1000,0.6,1,1,75,75,75,75,388,388,388,388,388,388,388,388,179,10,10,210,110,0,0,0
"664",1000,0.6,1,1,64,64,64,303,303,303,303,303,303,303,303,303,189,189,13,13,13,310,0,0
"665",1000,0.6,1,1,62,62,62,62,378,109,110,110,110,110,110,0,0,0,0,0,0,0,0,0
"666",1000,0.6,1,1,72,72,72,72,356,356,356,356,356,356,356,111,10,10,210,110,110,110,0,0
"667",1000,0.6,1,1,66,66,66,66,66,66,442,110,110,110,110,0,0,0,0,0,0,0,0,0
"668",1000,0.6,1,0,62,62,62,62,371,110,110,110,210,210,210,210,210,210,210,210,186,13,13,210
"669",1000,0.6,1,0,62,62,62,62,62,62,454,454,454,454,454,454,454,454,454,133,10,10,210,110
"670",1000,0.6,1,1,53,53,53,53,53,53,438,110,110,110,0,0,0,0,0,0,0,0,0,0
"671",1000,0.7,0,1,59,59,59,59,59,110,110,110,110,110,110,0,0,0,0,0,0,0,0,0
"672",1000,0.7,0,0,65,65,65,110,110,110,110,110,110,110,110,110,110,110,110,110,110,110,110,110
"673",1000,0.7,0,1,58,58,58,110,110,110,109,109,110,110,110,110,0,0,0,0,0,0,0,0
"674",1000,0.7,0,1,53,53,53,53,110,110,110,109,110,0,0,0,0,0,0,0,0,0,0,0
"675",1000,0.7,0,1,60,60,60,60,60,110,110,109,110,110,110,0,0,0,0,0,0,0,0,0
"676",1000,0.7,0,1,47,47,47,47,110,110,110,109,0,0,0,0,0,0,0,0,0,0,0,0
"677",1000,0.7,0,1,67,67,67,67,67,67,67,67,67,67,67,110,110,109,110,110,0,0,0,0
"678",1000,0.7,0,1,63,63,63,63,63,63,110,110,110,110,110,109,0,0,0,0,0,0,0,0
"679",1000,0.7,0,1,61,61,61,61,61,110,110,110,110,110,110,110,0,0,0,0,0,0,0,0
"680",1000,0.7,0,1,73,73,73,73,73,73,73,73,73,73,73,110,109,110,110,110,0,0,0,0
"681",1000,0.7,0.1,1,67,67,67,67,67,67,67,67,67,189,110,109,110,109,0,0,0,0,0,0
"682",1000,0.7,0.1,1,75,75,75,75,75,75,75,75,179,110,110,120,110,109,110,110,0,0,0,0
"683",1000,0.7,0.1,1,66,66,66,66,66,66,66,66,180,110,110,109,110,0,0,0,0,0,0,0
"684",1000,0.7,0.1,0,58,58,58,130,130,130,130,130,120,120,119,110,110,110,110,110,110,120,120,120
"685",1000,0.7,0.1,0,72,72,72,72,140,140,140,140,140,140,140,140,140,140,140,140,140,140,10,10
"686",1000,0.7,0.1,1,54,54,54,54,140,110,110,110,110,0,0,0,0,0,0,0,0,0,0,0
"687",1000,0.7,0.1,1,63,63,63,63,63,150,110,110,110,110,109,110,0,0,0,0,0,0,0,0
"688",1000,0.7,0.1,0,55,55,55,130,130,120,120,120,120,120,120,120,120,120,120,120,120,120,120,120
"689",1000,0.7,0.1,1,66,66,66,66,66,66,160,110,110,110,110,109,0,0,0,0,0,0,0,0
"690",1000,0.7,0.1,0,68,68,68,68,68,68,68,68,68,68,68,68,68,68,68,68,68,68,68,68
"691",1000,0.7,0.2,1,53,53,53,53,170,110,109,110,110,110,0,0,0,0,0,0,0,0,0,0
"692",1000,0.7,0.2,0,56,56,56,56,169,169,169,169,170,170,170,170,167,167,167,167,167,167,167,167
"693",1000,0.7,0.2,1,64,64,64,64,64,64,64,64,250,110,110,110,110,110,0,0,0,0,0,0
"694",1000,0.7,0.2,1,51,51,51,51,169,110,110,110,110,110,0,0,0,0,0,0,0,0,0,0
"695",1000,0.7,0.2,0,59,59,59,59,170,170,170,170,170,170,170,170,170,170,170,170,170,170,29,29
"696",1000,0.7,0.2,1,71,71,71,71,71,71,71,71,71,71,289,110,110,109,110,110,0,0,0,0
"697",1000,0.7,0.2,0,70,70,70,70,70,70,70,70,70,270,270,270,270,270,270,270,270,270,270,270
"698",1000,0.7,0.2,0,73,73,73,73,73,73,73,73,73,73,73,73,330,330,130,130,130,130,129,110
"699",1000,0.7,0.2,1,63,63,63,63,63,63,210,110,109,110,110,110,109,110,0,0,0,0,0,0
"700",1000,0.7,0.2,1,56,56,56,56,170,170,130,110,110,110,109,110,110,0,0,0,0,0,0,0
"701",1000,0.7,0.3,0,53,110,110,110,110,110,110,110,110,110,110,110,110,58,12,12,140,110,110,110
"702",1000,0.7,0.3,0,49,49,49,170,170,140,140,140,140,140,140,140,140,140,140,140,140,379,110,110
"703",1000,0.7,0.3,1,58,58,58,58,58,58,257,110,109,110,0,0,0,0,0,0,0,0,0,0
"704",1000,0.7,0.3,1,57,57,57,57,200,110,109,110,109,110,0,0,0,0,0,0,0,0,0,0
"705",1000,0.7,0.3,1,52,52,52,52,200,200,140,110,110,109,110,0,0,0,0,0,0,0,0,0
"706",1000,0.7,0.3,0,66,66,66,66,66,66,66,66,66,345,345,345,345,345,345,345,345,345,345,345
"707",1000,0.7,0.3,1,57,57,57,57,57,228,228,228,228,228,230,110,110,109,110,110,110,0,0,0
"708",1000,0.7,0.3,1,48,48,48,48,197,110,110,140,110,110,110,0,0,0,0,0,0,0,0,0
"709",1000,0.7,0.3,1,64,64,64,64,64,64,64,64,320,110,110,110,0,0,0,0,0,0,0,0
"710",1000,0.7,0.3,0,63,63,63,63,63,227,227,227,227,227,227,227,227,227,227,227,227,227,227,88
"711",1000,0.7,0.4,0,60,60,60,190,190,190,190,190,190,190,190,190,190,190,190,190,190,123,123,10
"712",1000,0.7,0.4,0,45,45,150,150,150,150,150,150,150,150,150,150,150,150,150,112,10,10,150,109
"713",1000,0.7,0.4,1,60,60,60,60,60,60,305,110,110,110,0,0,0,0,0,0,0,0,0,0
"714",1000,0.7,0.4,1,58,58,58,58,58,58,58,344,110,110,110,0,0,0,0,0,0,0,0,0
"715",1000,0.7,0.4,1,63,63,63,63,63,63,63,348,110,110,110,109,0,0,0,0,0,0,0,0
"716",1000,0.7,0.4,1,54,54,54,54,229,110,110,110,109,110,110,0,0,0,0,0,0,0,0,0
"717",1000,0.7,0.4,1,58,58,58,58,230,110,110,150,110,109,110,0,0,0,0,0,0,0,0,0
"718",1000,0.7,0.4,1,58,58,58,58,230,230,150,110,110,110,110,109,0,0,0,0,0,0,0,0
"719",1000,0.7,0.4,0,57,57,57,57,57,267,267,267,267,267,267,267,267,267,267,267,267,94,10,10
"720",1000,0.7,0.4,1,64,64,64,64,64,64,310,110,110,110,110,109,0,0,0,0,0,0,0,0
"721",1000,0.7,0.5,1,57,57,57,57,57,308,110,110,109,110,110,110,0,0,0,0,0,0,0,0
"722",1000,0.7,0.5,1,56,56,56,56,56,56,355,110,110,109,0,0,0,0,0,0,0,0,0,0
"723",1000,0.7,0.5,1,61,61,61,61,61,61,61,384,110,110,110,109,110,110,0,0,0,0,0,0
"724",1000,0.7,0.5,0,53,53,53,53,260,260,260,260,260,260,260,260,260,260,109,109,109,10,10,159
"725",1000,0.7,0.5,1,67,67,67,67,67,67,67,67,67,400,110,110,110,110,0,0,0,0,0,0
"726",1000,0.7,0.5,0,62,62,62,209,209,209,209,209,209,209,209,209,209,209,209,209,209,155,155,12
"727",1000,0.7,0.5,0,68,68,68,68,68,68,68,374,374,374,374,374,374,374,374,374,374,374,93,93
"728",1000,0.7,0.5,1,53,53,53,53,260,110,110,110,160,110,110,0,0,0,0,0,0,0,0,0
"729",1000,0.7,0.5,1,58,58,58,58,260,110,110,160,110,110,160,110,110,110,110,110,0,0,0,0
"730",1000,0.7,0.5,0,63,63,63,63,63,63,360,360,360,360,360,306,306,306,306,306,306,306,306,306
"731",1000,0.7,0.6,0,82,82,82,82,82,82,82,82,82,82,82,487,487,487,487,487,487,487,487,487
"732",1000,0.7,0.6,1,59,59,59,59,59,59,370,370,170,110,110,109,110,110,109,0,0,0,0,0
"733",1000,0.7,0.6,1,64,64,64,64,64,64,64,64,408,110,110,110,170,110,110,110,109,0,0,0
"734",1000,0.7,0.6,1,68,68,68,68,68,68,384,110,110,110,170,110,110,110,0,0,0,0,0,0
"735",1000,0.7,0.6,1,59,59,59,59,59,59,358,110,110,110,110,109,110,0,0,0,0,0,0,0
"736",1000,0.7,0.6,1,67,67,67,67,67,350,350,350,350,350,350,350,350,350,122,122,10,10,170,0
"737",1000,0.7,0.6,0,61,61,61,61,61,345,345,345,345,345,345,345,345,345,345,345,345,150,10,10
"738",1000,0.7,0.6,0,83,83,83,83,83,83,83,83,83,83,83,83,83,83,83,83,83,83,83,83
"739",1000,0.7,0.6,1,57,57,57,57,289,110,110,170,110,109,110,110,110,110,0,0,0,0,0,0
"740",1000,0.7,0.6,0,68,68,68,68,68,68,402,110,110,110,110,110,348,348,348,348,348,348,348,348
"741",1000,0.7,0.7,1,67,67,67,67,67,67,396,110,110,110,180,110,110,110,110,110,0,0,0,0
"742",1000,0.7,0.7,0,46,46,180,180,180,180,180,180,180,180,180,180,180,180,180,180,207,10,10,180
"743",1000,0.7,0.7,0,76,76,76,76,76,76,76,76,76,76,76,76,76,599,110,109,110,109,110,110
"744",1000,0.7,0.7,1,51,51,51,51,320,320,320,249,110,110,110,110,179,110,110,110,110,110,0,0
"745",1000,0.7,0.7,1,60,60,60,60,60,377,110,110,109,110,0,0,0,0,0,0,0,0,0,0
"746",1000,0.7,0.7,0,42,42,180,180,180,180,180,180,180,180,180,180,180,180,180,180,170,170,10,10
"747",1000,0.7,0.7,1,67,67,67,67,67,67,67,67,67,458,110,110,110,110,0,0,0,0,0,0
"748",1000,0.7,0.7,0,61,61,61,247,247,247,247,247,247,247,247,247,247,247,156,11,11,178,110,110
"749",1000,0.7,0.7,1,61,61,61,61,61,367,367,367,367,367,367,367,367,367,116,10,10,180,0,0
"750",1000,0.7,0.7,1,61,61,61,61,61,61,61,61,420,420,179,110,110,110,110,110,0,0,0,0
"751",1000,0.7,0.8,1,56,56,56,56,343,110,110,110,110,110,110,110,0,0,0,0,0,0,0,0
"752",1000,0.7,0.8,1,67,67,67,67,67,67,67,67,453,110,110,110,110,110,110,0,0,0,0,0
"753",1000,0.7,0.8,1,49,49,49,49,49,386,110,110,0,0,0,0,0,0,0,0,0,0,0,0
"754",1000,0.7,0.8,1,65,65,65,65,340,340,340,340,340,340,340,340,340,147,147,10,10,189,110,0
"755",1000,0.7,0.8,1,62,62,62,62,348,348,348,348,348,348,348,348,348,348,168,10,10,190,109,0
"756",1000,0.7,0.8,1,54,54,54,270,270,270,270,270,270,270,270,270,270,270,177,10,10,189,0,0
"757",1000,0.7,0.8,1,55,55,55,55,55,55,400,110,110,110,0,0,0,0,0,0,0,0,0,0
"758",1000,0.7,0.8,1,62,62,62,62,62,389,389,389,389,389,389,389,389,389,136,10,10,190,110,0
"759",1000,0.7,0.8,0,58,58,58,58,349,349,190,190,190,190,190,190,190,190,190,190,349,349,349,349
"760",1000,0.7,0.8,1,61,61,61,61,345,110,110,110,190,190,190,110,110,110,110,110,0,0,0,0
"761",1000,0.7,0.9,1,64,64,64,64,64,64,64,463,110,109,110,0,0,0,0,0,0,0,0,0
"762",1000,0.7,0.9,1,60,60,60,60,60,393,109,110,110,110,110,110,110,0,0,0,0,0,0,0
"763",1000,0.7,0.9,1,60,60,60,60,60,60,429,110,110,110,110,110,110,0,0,0,0,0,0,0
"764",1000,0.7,0.9,1,61,61,61,61,61,61,416,416,199,110,110,110,290,110,110,110,110,110,110,0
"765",1000,0.7,0.9,1,53,53,53,53,53,53,453,110,109,110,110,0,0,0,0,0,0,0,0,0
"766",1000,0.7,0.9,1,60,60,60,60,60,405,405,200,110,110,110,0,0,0,0,0,0,0,0,0
"767",1000,0.7,0.9,0,67,67,67,67,67,67,67,67,67,67,67,67,67,67,67,67,67,67,67,67
"768",1000,0.7,0.9,1,58,58,58,58,368,368,368,368,368,368,368,134,134,134,11,11,200,110,110,0
"769",1000,0.7,0.9,1,62,62,62,62,62,62,62,484,110,110,110,110,0,0,0,0,0,0,0,0
"770",1000,0.7,0.9,1,64,64,64,64,378,378,378,378,378,378,378,378,130,10,10,197,0,0,0,0
"771",1000,0.7,1,1,54,54,54,54,54,411,411,208,110,110,110,210,109,110,110,110,110,110,110,0
"772",1000,0.7,1,1,67,67,67,67,380,380,380,380,380,380,380,135,135,10,10,209,0,0,0,0
"773",1000,0.7,1,1,64,64,64,64,64,64,64,64,521,521,210,210,210,110,110,110,110,0,0,0
"774",1000,0.7,1,1,71,71,71,71,71,71,71,71,510,110,109,110,109,0,0,0,0,0,0,0
"775",1000,0.7,1,1,58,58,58,58,58,414,110,110,110,110,110,0,0,0,0,0,0,0,0,0
"776",1000,0.7,1,1,64,64,64,64,64,64,64,493,109,110,109,0,0,0,0,0,0,0,0,0
"777",1000,0.7,1,1,52,52,52,52,377,110,110,110,109,110,109,110,0,0,0,0,0,0,0,0
"778",1000,0.7,1,0,69,69,69,69,69,69,454,454,454,454,454,454,454,454,454,454,454,194,10,10
"779",1000,0.7,1,0,65,65,65,65,65,65,65,499,499,499,499,499,499,499,499,499,499,499,176,176
"780",1000,0.7,1,0,67,67,67,67,67,67,67,67,67,67,67,67,67,67,67,67,67,67,67,67
"781",1000,0.8,0,1,58,58,58,58,58,58,110,110,109,0,0,0,0,0,0,0,0,0,0,0
"782",1000,0.8,0,1,63,63,63,63,63,63,63,110,110,110,110,0,0,0,0,0,0,0,0,0
"783",1000,0.8,0,1,57,57,57,110,110,110,110,110,110,110,110,110,110,0,0,0,0,0,0,0
"784",1000,0.8,0,1,69,69,69,69,69,69,69,69,110,110,109,109,109,110,110,110,0,0,0,0
"785",1000,0.8,0,1,67,67,67,67,67,67,67,67,67,67,110,110,110,110,110,110,110,110,0,0
"786",1000,0.8,0,1,74,74,74,74,74,74,74,74,74,74,74,74,74,74,74,74,10,10,109,0
"787",1000,0.8,0,1,68,68,68,68,68,68,68,68,68,110,109,110,109,0,0,0,0,0,0,0
"788",1000,0.8,0,1,55,55,55,55,55,110,110,110,0,0,0,0,0,0,0,0,0,0,0,0
"789",1000,0.8,0,1,65,65,65,65,65,65,65,110,110,110,109,0,0,0,0,0,0,0,0,0
"790",1000,0.8,0,1,56,56,56,56,56,110,110,110,109,0,0,0,0,0,0,0,0,0,0,0
"791",1000,0.8,0.1,1,77,77,77,77,77,77,77,77,77,77,77,77,77,77,77,249,110,0,0,0
"792",1000,0.8,0.1,1,67,67,67,67,67,67,67,67,67,67,200,110,110,110,110,0,0,0,0,0
"793",1000,0.8,0.1,1,65,65,65,65,65,65,65,65,65,65,200,110,109,110,0,0,0,0,0,0
"794",1000,0.8,0.1,1,52,52,52,52,52,52,52,170,0,0,0,0,0,0,0,0,0,0,0,0
"795",1000,0.8,0.1,1,58,58,58,58,58,150,110,110,110,0,0,0,0,0,0,0,0,0,0,0
"796",1000,0.8,0.1,1,56,56,56,56,56,56,56,169,110,0,0,0,0,0,0,0,0,0,0,0
"797",1000,0.8,0.1,1,55,55,55,55,55,150,110,109,0,0,0,0,0,0,0,0,0,0,0,0
"798",1000,0.8,0.1,0,67,67,67,67,67,67,67,170,170,170,170,170,170,170,170,170,170,170,170,170
"799",1000,0.8,0.1,1,59,59,59,59,59,59,160,110,109,110,0,0,0,0,0,0,0,0,0,0
"800",1000,0.8,0.1,0,74,74,74,74,74,74,74,74,74,74,74,74,74,74,74,74,74,74,74,74
"801",1000,0.8,0.2,0,66,66,66,66,66,190,190,190,190,190,190,190,190,190,190,190,190,190,190,190
"802",1000,0.8,0.2,1,66,66,66,66,66,66,210,210,130,110,110,109,0,0,0,0,0,0,0,0
"803",1000,0.8,0.2,1,59,59,59,59,59,59,209,209,130,130,130,149,110,110,110,0,0,0,0,0
"804",1000,0.8,0.2,1,49,49,49,49,170,110,110,0,0,0,0,0,0,0,0,0,0,0,0,0
"805",1000,0.8,0.2,1,57,57,57,57,57,57,209,110,110,110,0,0,0,0,0,0,0,0,0,0
"806",1000,0.8,0.2,1,58,58,58,58,58,188,188,188,188,170,110,110,130,0,0,0,0,0,0,0
"807",1000,0.8,0.2,1,47,47,47,47,170,110,110,110,0,0,0,0,0,0,0,0,0,0,0,0
"808",1000,0.8,0.2,1,59,59,59,59,59,59,59,229,229,130,110,110,110,0,0,0,0,0,0,0
"809",1000,0.8,0.2,0,61,61,61,61,170,170,170,170,170,170,170,170,170,170,170,170,170,170,170,170
"810",1000,0.8,0.2,1,59,59,59,59,59,190,109,110,110,0,0,0,0,0,0,0,0,0,0,0
"811",1000,0.8,0.3,1,62,62,62,62,62,62,259,110,110,109,0,0,0,0,0,0,0,0,0,0
"812",1000,0.8,0.3,1,55,55,55,55,55,230,110,110,0,0,0,0,0,0,0,0,0,0,0,0
"813",1000,0.8,0.3,1,56,56,56,56,56,56,260,109,110,110,0,0,0,0,0,0,0,0,0,0
"814",1000,0.8,0.3,1,53,53,53,53,53,230,110,110,0,0,0,0,0,0,0,0,0,0,0,0
"815",1000,0.8,0.3,1,64,64,64,64,64,64,64,289,110,109,110,0,0,0,0,0,0,0,0,0
"816",1000,0.8,0.3,1,51,51,51,51,51,230,230,140,110,110,110,0,0,0,0,0,0,0,0,0
"817",1000,0.8,0.3,1,57,57,57,57,57,230,110,110,110,109,0,0,0,0,0,0,0,0,0,0
"818",1000,0.8,0.3,1,53,53,53,53,53,53,260,110,110,110,0,0,0,0,0,0,0,0,0,0
"819",1000,0.8,0.3,0,65,65,65,65,65,230,230,230,230,230,230,230,289,289,289,289,289,289,289,289
"820",1000,0.8,0.3,1,57,57,57,57,57,57,260,260,140,140,140,170,110,110,0,0,0,0,0,0
"821",1000,0.8,0.4,1,44,44,44,44,228,228,150,109,110,0,0,0,0,0,0,0,0,0,0,0
"822",1000,0.8,0.4,1,41,41,41,189,110,110,110,110,0,0,0,0,0,0,0,0,0,0,0,0
"823",1000,0.8,0.4,1,63,63,63,63,63,63,63,63,371,110,109,0,0,0,0,0,0,0,0,0
"824",1000,0.8,0.4,1,59,59,59,59,59,59,59,341,109,110,109,110,0,0,0,0,0,0,0,0
"825",1000,0.8,0.4,1,58,58,58,58,58,58,310,110,0,0,0,0,0,0,0,0,0,0,0,0
"826",1000,0.8,0.4,1,61,61,61,61,61,61,309,110,110,110,109,0,0,0,0,0,0,0,0,0
"827",1000,0.8,0.4,0,66,66,66,190,190,190,190,190,190,190,190,190,190,190,190,190,190,190,190,190
"828",1000,0.8,0.4,1,57,57,57,57,57,57,57,349,110,109,0,0,0,0,0,0,0,0,0,0
"829",1000,0.8,0.4,1,59,59,59,59,59,59,59,343,110,109,0,0,0,0,0,0,0,0,0,0
"830",1000,0.8,0.4,0,66,66,66,66,66,270,270,270,270,270,270,270,270,270,270,270,270,270,270,270
"831",1000,0.8,0.5,1,63,63,63,63,63,63,63,63,63,423,0,0,0,0,0,0,0,0,0,0
"832",1000,0.8,0.5,1,54,54,54,54,54,308,110,110,110,0,0,0,0,0,0,0,0,0,0,0
"833",1000,0.8,0.5,1,60,60,60,60,60,60,60,398,110,110,0,0,0,0,0,0,0,0,0,0
"834",1000,0.8,0.5,1,64,64,64,64,64,64,64,64,64,424,110,110,0,0,0,0,0,0,0,0
"835",1000,0.8,0.5,0,52,52,52,52,258,258,258,209,209,209,209,209,209,209,209,209,209,209,209,209
"836",1000,0.8,0.5,1,60,60,60,60,60,60,360,360,360,206,110,110,110,160,110,0,0,0,0,0
"837",1000,0.8,0.5,1,61,61,61,61,61,308,110,110,159,110,110,109,0,0,0,0,0,0,0,0
"838",1000,0.8,0.5,1,56,56,56,56,56,310,110,110,110,110,0,0,0,0,0,0,0,0,0,0
"839",1000,0.8,0.5,1,60,60,60,60,60,60,359,359,160,160,160,210,110,110,0,0,0,0,0,0
"840",1000,0.8,0.5,1,54,54,54,54,259,259,259,208,110,110,110,110,0,0,0,0,0,0,0,0
"841",1000,0.8,0.6,1,54,54,54,54,54,350,110,109,0,0,0,0,0,0,0,0,0,0,0,0
"842",1000,0.8,0.6,1,63,63,63,63,63,63,63,404,110,110,0,0,0,0,0,0,0,0,0,0
"843",1000,0.8,0.6,1,53,53,53,53,53,53,394,0,0,0,0,0,0,0,0,0,0,0,0,0
"844",1000,0.8,0.6,1,64,64,64,64,64,64,64,389,389,169,110,110,110,109,0,0,0,0,0,0
"845",1000,0.8,0.6,1,70,70,70,70,70,70,70,70,70,451,451,170,110,110,110,0,0,0,0,0
"846",1000,0.8,0.6,1,82,82,82,82,82,82,82,82,82,82,82,82,506,110,109,110,110,0,0,0
"847",1000,0.8,0.6,1,68,68,68,68,68,68,68,68,68,429,110,110,110,110,110,0,0,0,0,0
"848",1000,0.8,0.6,1,59,59,59,59,59,59,59,59,59,417,110,110,0,0,0,0,0,0,0,0
"849",1000,0.8,0.6,1,63,63,63,63,63,63,63,385,385,170,110,110,170,110,110,0,0,0,0,0
"850",1000,0.8,0.6,1,67,67,67,67,67,67,67,67,67,433,433,433,230,110,110,110,110,0,0,0
"851",1000,0.8,0.7,1,56,56,56,56,56,56,389,110,109,0,0,0,0,0,0,0,0,0,0,0
"852",1000,0.8,0.7,1,68,68,68,68,68,68,68,68,441,110,110,109,0,0,0,0,0,0,0,0
"853",1000,0.8,0.7,1,54,54,54,54,54,364,110,109,0,0,0,0,0,0,0,0,0,0,0,0
"854",1000,0.8,0.7,1,63,63,63,63,63,63,63,63,63,63,512,110,110,110,0,0,0,0,0,0
"855",1000,0.8,0.7,1,66,66,66,66,66,66,66,66,436,110,110,110,0,0,0,0,0,0,0,0
"856",1000,0.8,0.7,1,65,65,65,65,65,65,65,65,451,110,110,110,110,110,0,0,0,0,0,0
"857",1000,0.8,0.7,1,62,62,62,62,62,62,388,110,110,110,0,0,0,0,0,0,0,0,0,0
"858",1000,0.8,0.7,1,56,56,56,56,56,56,403,110,109,110,0,0,0,0,0,0,0,0,0,0
"859",1000,0.8,0.7,1,68,68,68,68,68,68,68,68,68,492,110,109,110,110,0,0,0,0,0,0
"860",1000,0.8,0.7,1,67,67,67,67,67,67,67,67,436,110,110,109,110,0,0,0,0,0,0,0
"861",1000,0.8,0.8,0,59,59,59,59,59,384,384,384,384,384,384,384,384,384,384,384,384,212,10,10
"862",1000,0.8,0.8,0,72,72,72,72,72,72,72,72,477,477,477,477,477,477,477,477,477,477,477,477
"863",1000,0.8,0.8,1,57,57,57,57,57,393,110,110,110,109,110,0,0,0,0,0,0,0,0,0
"864",1000,0.8,0.8,1,58,58,58,58,58,58,58,437,110,110,0,0,0,0,0,0,0,0,0,0
"865",1000,0.8,0.8,1,57,57,57,57,57,57,410,109,110,110,0,0,0,0,0,0,0,0,0,0
"866",1000,0.8,0.8,1,62,62,62,62,62,376,110,109,110,110,110,0,0,0,0,0,0,0,0,0
"867",1000,0.8,0.8,1,45,45,45,45,345,110,109,0,0,0,0,0,0,0,0,0,0,0,0,0
"868",1000,0.8,0.8,1,64,64,64,64,64,64,64,464,110,110,109,0,0,0,0,0,0,0,0,0
"869",1000,0.8,0.8,0,56,56,56,56,56,372,372,372,372,372,372,372,372,372,372,372,372,372,372,372
"870",1000,0.8,0.8,0,57,57,57,57,57,380,380,380,380,380,380,380,380,380,380,380,380,380,234,234
"871",1000,0.8,0.9,0,70,70,70,70,70,70,70,461,461,461,461,461,461,461,461,461,461,461,461,196
"872",1000,0.8,0.9,1,72,72,72,72,72,72,72,72,72,72,72,72,658,110,110,109,110,0,0,0
"873",1000,0.8,0.9,1,62,62,62,62,62,62,62,459,110,110,0,0,0,0,0,0,0,0,0,0
"874",1000,0.8,0.9,0,64,64,64,64,380,380,380,380,380,380,380,380,380,166,166,166,10,10,200,110
"875",1000,0.8,0.9,0,54,54,54,54,363,363,363,363,363,363,363,363,363,363,363,363,363,258,10,10
"876",1000,0.8,0.9,1,57,57,57,57,57,57,425,110,109,110,0,0,0,0,0,0,0,0,0,0
"877",1000,0.8,0.9,1,67,67,67,67,67,67,67,474,110,110,0,0,0,0,0,0,0,0,0,0
"878",1000,0.8,0.9,0,67,67,67,67,67,67,67,67,67,67,67,67,67,67,67,67,67,67,67,67
"879",1000,0.8,0.9,0,76,76,76,76,76,76,76,76,503,503,198,198,198,198,198,198,198,198,198,608
"880",1000,0.8,0.9,1,57,57,57,57,57,409,109,110,110,0,0,0,0,0,0,0,0,0,0,0
"881",1000,0.8,1,1,44,44,44,44,377,110,109,0,0,0,0,0,0,0,0,0,0,0,0,0
"882",1000,0.8,1,1,56,56,56,56,56,56,425,425,210,110,110,110,110,0,0,0,0,0,0,0
"883",1000,0.8,1,1,58,58,58,58,376,110,110,110,110,110,0,0,0,0,0,0,0,0,0,0
"884",1000,0.8,1,1,56,56,56,56,56,56,56,482,110,110,110,0,0,0,0,0,0,0,0,0
"885",1000,0.8,1,1,58,58,58,58,58,58,457,457,210,109,110,110,110,0,0,0,0,0,0,0
"886",1000,0.8,1,1,57,57,57,57,57,57,452,110,109,0,0,0,0,0,0,0,0,0,0,0
"887",1000,0.8,1,0,64,64,64,64,64,64,445,445,445,445,445,445,445,445,445,445,445,445,445,445
"888",1000,0.8,1,1,65,65,65,65,65,65,65,497,110,109,110,110,0,0,0,0,0,0,0,0
"889",1000,0.8,1,0,50,50,50,50,364,364,364,364,408,408,408,408,408,408,408,408,408,408,408,408
"890",1000,0.8,1,0,77,77,77,77,77,77,77,77,77,77,77,77,77,77,77,77,77,77,77,77
"891",1000,0.9,0,1,63,63,63,63,63,63,63,63,63,63,110,110,0,0,0,0,0,0,0,0
"892",1000,0.9,0,1,65,65,65,65,65,65,110,110,109,110,109,0,0,0,0,0,0,0,0,0
"893",1000,0.9,0,1,71,71,71,71,71,71,71,71,110,110,0,0,0,0,0,0,0,0,0,0
"894",1000,0.9,0,1,52,52,52,52,52,52,110,0,0,0,0,0,0,0,0,0,0,0,0,0
"895",1000,0.9,0,1,68,68,68,68,68,68,68,68,110,110,110,110,110,0,0,0,0,0,0,0
"896",1000,0.9,0,1,52,52,52,52,52,52,110,110,0,0,0,0,0,0,0,0,0,0,0,0
"897",1000,0.9,0,1,62,62,62,62,62,62,62,62,110,110,0,0,0,0,0,0,0,0,0,0
"898",1000,0.9,0,1,69,69,69,69,69,69,69,69,69,69,69,69,110,110,110,0,0,0,0,0
"899",1000,0.9,0,1,38,38,38,109,110,110,0,0,0,0,0,0,0,0,0,0,0,0,0,0
"900",1000,0.9,0,1,69,69,69,69,69,69,69,69,69,110,110,109,0,0,0,0,0,0,0,0
"901",1000,0.9,0.1,1,52,52,52,52,52,149,110,0,0,0,0,0,0,0,0,0,0,0,0,0
"902",1000,0.9,0.1,1,47,47,47,47,140,110,0,0,0,0,0,0,0,0,0,0,0,0,0,0
"903",1000,0.9,0.1,1,60,60,60,60,60,60,60,170,0,0,0,0,0,0,0,0,0,0,0,0
"904",1000,0.9,0.1,1,47,47,47,47,140,110,110,0,0,0,0,0,0,0,0,0,0,0,0,0
"905",1000,0.9,0.1,1,60,60,60,60,60,60,159,159,120,110,0,0,0,0,0,0,0,0,0,0
"906",1000,0.9,0.1,1,53,53,53,53,53,53,53,170,0,0,0,0,0,0,0,0,0,0,0,0
"907",1000,0.9,0.1,1,62,62,62,62,62,62,62,62,180,0,0,0,0,0,0,0,0,0,0,0
"908",1000,0.9,0.1,1,44,44,44,44,140,110,110,0,0,0,0,0,0,0,0,0,0,0,0,0
"909",1000,0.9,0.1,1,61,61,61,61,61,61,61,170,110,110,0,0,0,0,0,0,0,0,0,0
"910",1000,0.9,0.1,1,70,70,70,70,70,70,70,170,170,120,110,109,110,110,0,0,0,0,0,0
"911",1000,0.9,0.2,1,59,59,59,59,59,59,59,230,110,0,0,0,0,0,0,0,0,0,0,0
"912",1000,0.9,0.2,1,62,62,62,62,62,62,210,110,110,109,0,0,0,0,0,0,0,0,0,0
"913",1000,0.9,0.2,1,70,70,70,70,70,70,70,70,70,70,70,310,110,110,110,0,0,0,0,0
"914",1000,0.9,0.2,1,51,51,51,51,170,110,110,110,0,0,0,0,0,0,0,0,0,0,0,0
"915",1000,0.9,0.2,1,52,52,52,52,170,110,109,110,0,0,0,0,0,0,0,0,0,0,0,0
"916",1000,0.9,0.2,1,62,62,62,62,62,62,62,229,110,0,0,0,0,0,0,0,0,0,0,0
"917",1000,0.9,0.2,1,58,58,58,58,58,58,58,228,110,110,0,0,0,0,0,0,0,0,0,0
"918",1000,0.9,0.2,1,69,69,69,69,69,69,69,230,230,230,230,230,190,110,110,0,0,0,0,0
"919",1000,0.9,0.2,1,64,64,64,64,64,64,64,64,249,110,110,110,110,0,0,0,0,0,0,0
"920",1000,0.9,0.2,1,61,61,61,61,61,61,210,210,130,110,0,0,0,0,0,0,0,0,0,0
"921",1000,0.9,0.3,1,48,48,48,48,199,199,140,110,0,0,0,0,0,0,0,0,0,0,0,0
"922",1000,0.9,0.3,1,61,61,61,61,61,61,61,61,320,110,0,0,0,0,0,0,0,0,0,0
"923",1000,0.9,0.3,1,63,63,63,63,63,63,63,63,320,0,0,0,0,0,0,0,0,0,0,0
"924",1000,0.9,0.3,1,49,49,49,49,200,200,200,169,110,110,0,0,0,0,0,0,0,0,0,0
"925",1000,0.9,0.3,1,47,47,47,47,200,200,140,110,110,0,0,0,0,0,0,0,0,0,0,0
"926",1000,0.9,0.3,1,64,64,64,64,64,64,64,64,320,320,140,110,0,0,0,0,0,0,0,0
"927",1000,0.9,0.3,1,42,42,42,42,199,0,0,0,0,0,0,0,0,0,0,0,0,0,0,0
"928",1000,0.9,0.3,1,45,45,45,45,200,110,109,0,0,0,0,0,0,0,0,0,0,0,0,0
"929",1000,0.9,0.3,1,66,66,66,66,66,66,66,66,66,66,374,110,0,0,0,0,0,0,0,0
"930",1000,0.9,0.3,1,63,63,63,63,63,63,63,63,63,346,109,110,0,0,0,0,0,0,0,0
"931",1000,0.9,0.4,0,62,62,62,62,62,62,308,308,308,308,308,308,308,308,308,308,308,308,308,308
"932",1000,0.9,0.4,1,53,53,53,53,53,53,53,348,110,110,110,0,0,0,0,0,0,0,0,0
"933",1000,0.9,0.4,0,69,69,69,69,69,69,69,69,69,69,411,411,411,411,411,411,411,411,411,411
"934",1000,0.9,0.4,1,65,65,65,65,65,65,65,65,351,109,110,0,0,0,0,0,0,0,0,0
"935",1000,0.9,0.4,1,62,62,62,62,62,62,309,110,110,0,0,0,0,0,0,0,0,0,0,0
"936",1000,0.9,0.4,1,62,62,62,62,62,62,62,62,384,0,0,0,0,0,0,0,0,0,0,0
"937",1000,0.9,0.4,1,61,61,61,61,61,61,307,307,307,190,110,110,0,0,0,0,0,0,0,0
"938",1000,0.9,0.4,1,61,61,61,61,61,61,61,349,110,110,0,0,0,0,0,0,0,0,0,0
"939",1000,0.9,0.4,1,67,67,67,67,67,67,67,67,67,67,67,394,110,110,0,0,0,0,0,0
"940",1000,0.9,0.4,1,65,65,65,65,65,65,65,65,65,394,109,110,110,0,0,0,0,0,0,0
"941",1000,0.9,0.5,1,66,66,66,66,66,66,66,66,405,405,160,110,110,0,0,0,0,0,0,0
"942",1000,0.9,0.5,1,60,60,60,60,60,60,60,377,110,110,110,110,0,0,0,0,0,0,0,0
"943",1000,0.9,0.5,1,66,66,66,66,66,66,66,66,66,412,0,0,0,0,0,0,0,0,0,0
"944",1000,0.9,0.5,1,27,27,27,210,0,0,0,0,0,0,0,0,0,0,0,0,0,0,0,0
"945",1000,0.9,0.5,1,61,61,61,61,61,61,61,370,110,110,0,0,0,0,0,0,0,0,0,0
"946",1000,0.9,0.5,1,62,62,62,62,62,62,62,62,400,110,110,0,0,0,0,0,0,0,0,0
"947",1000,0.9,0.5,1,59,59,59,59,59,59,59,59,398,0,0,0,0,0,0,0,0,0,0,0
"948",1000,0.9,0.5,1,70,70,70,70,70,70,70,371,110,109,0,0,0,0,0,0,0,0,0,0
"949",1000,0.9,0.5,1,64,64,64,64,64,64,64,64,409,110,110,110,0,0,0,0,0,0,0,0
"950",1000,0.9,0.5,0,54,54,54,54,54,307,307,307,307,307,307,307,307,307,307,307,307,307,307,307
"951",1000,0.9,0.6,1,62,62,62,62,62,349,110,109,109,170,110,0,0,0,0,0,0,0,0,0
"952",1000,0.9,0.6,1,61,61,61,61,61,61,61,61,433,110,110,110,0,0,0,0,0,0,0,0
"953",1000,0.9,0.6,0,52,52,52,52,288,288,288,288,288,347,347,347,347,347,350,350,350,350,350,350
"954",1000,0.9,0.6,1,58,58,58,58,58,58,375,110,110,0,0,0,0,0,0,0,0,0,0,0
"955",1000,0.9,0.6,1,52,52,52,52,52,52,383,110,110,0,0,0,0,0,0,0,0,0,0,0
"956",1000,0.9,0.6,1,59,59,59,59,59,59,368,368,170,170,170,230,110,110,170,110,0,0,0,0
"957",1000,0.9,0.6,1,43,43,43,43,43,349,0,0,0,0,0,0,0,0,0,0,0,0,0,0
"958",1000,0.9,0.6,1,55,55,55,55,55,55,371,0,0,0,0,0,0,0,0,0,0,0,0,0
"959",1000,0.9,0.6,1,65,65,65,65,65,65,65,65,65,429,110,110,0,0,0,0,0,0,0,0
"960",1000,0.9,0.6,1,54,54,54,54,54,350,110,110,0,0,0,0,0,0,0,0,0,0,0,0
"961",1000,0.9,0.7,1,56,56,56,56,56,56,390,110,110,0,0,0,0,0,0,0,0,0,0,0
"962",1000,0.9,0.7,1,52,52,52,52,320,320,320,320,320,320,458,110,109,110,0,0,0,0,0,0
"963",1000,0.9,0.7,1,50,50,50,50,50,365,0,0,0,0,0,0,0,0,0,0,0,0,0,0
"964",1000,0.9,0.7,1,51,51,51,51,319,110,110,180,110,110,0,0,0,0,0,0,0,0,0,0
"965",1000,0.9,0.7,0,65,65,65,65,65,380,380,380,380,380,380,380,380,380,380,380,380,380,190,10
"966",1000,0.9,0.7,1,66,66,66,66,66,66,412,412,179,110,110,0,0,0,0,0,0,0,0,0
"967",1000,0.9,0.7,0,63,63,63,63,63,63,63,417,417,417,417,417,417,417,417,417,417,417,417,417
"968",1000,0.9,0.7,0,57,57,57,57,57,366,366,366,366,366,366,366,366,366,366,366,366,366,366,366
"969",1000,0.9,0.7,1,51,51,51,51,51,51,391,110,0,0,0,0,0,0,0,0,0,0,0,0
"970",1000,0.9,0.7,1,55,55,55,55,55,359,110,110,110,110,0,0,0,0,0,0,0,0,0,0
"971",1000,0.9,0.8,1,51,51,51,51,51,379,110,0,0,0,0,0,0,0,0,0,0,0,0,0
"972",1000,0.9,0.8,0,63,63,63,63,63,63,63,447,447,447,447,447,447,447,588,588,588,588,588,588
"973",1000,0.9,0.8,1,59,59,59,59,59,59,59,434,110,110,0,0,0,0,0,0,0,0,0,0
"974",1000,0.9,0.8,1,53,53,53,53,53,53,418,0,0,0,0,0,0,0,0,0,0,0,0,0
"975",1000,0.9,0.8,1,54,54,54,54,54,54,400,400,190,190,190,110,110,0,0,0,0,0,0,0
"976",1000,0.9,0.8,1,62,62,62,62,62,62,62,62,466,110,110,0,0,0,0,0,0,0,0,0
"977",1000,0.9,0.8,0,69,69,69,69,69,69,69,69,69,492,492,492,492,492,492,492,492,492,492,492
"978",1000,0.9,0.8,0,74,74,74,74,74,74,74,74,74,74,74,74,74,74,74,74,74,74,74,74
"979",1000,0.9,0.8,1,53,53,53,53,53,369,110,109,0,0,0,0,0,0,0,0,0,0,0,0
"980",1000,0.9,0.8,1,63,63,63,63,63,63,63,63,458,110,109,110,110,0,0,0,0,0,0,0
"981",1000,0.9,0.9,1,62,62,62,62,62,62,62,62,506,110,110,0,0,0,0,0,0,0,0,0
"982",1000,0.9,0.9,1,62,62,62,62,62,62,419,110,110,0,0,0,0,0,0,0,0,0,0,0
"983",1000,0.9,0.9,1,58,58,58,58,58,58,58,460,110,0,0,0,0,0,0,0,0,0,0,0
"984",1000,0.9,0.9,1,67,67,67,67,67,67,67,67,67,67,599,110,109,110,0,0,0,0,0,0
"985",1000,0.9,0.9,1,68,68,68,68,68,68,68,68,484,110,109,0,0,0,0,0,0,0,0,0
"986",1000,0.9,0.9,1,64,64,64,64,64,64,64,64,64,64,64,618,110,110,0,0,0,0,0,0
"987",1000,0.9,0.9,1,55,55,55,55,55,55,415,110,110,0,0,0,0,0,0,0,0,0,0,0
"988",1000,0.9,0.9,0,59,59,59,59,59,401,401,401,401,401,401,401,401,401,401,401,401,401,401,401
"989",1000,0.9,0.9,1,55,55,55,55,55,55,55,435,435,200,200,197,0,0,0,0,0,0,0,0
"990",1000,0.9,0.9,1,55,55,55,55,55,403,403,199,110,110,110,0,0,0,0,0,0,0,0,0
"991",1000,0.9,1,1,64,64,64,64,64,64,64,484,110,109,0,0,0,0,0,0,0,0,0,0
"992",1000,0.9,1,1,59,59,59,59,59,59,59,483,110,110,110,0,0,0,0,0,0,0,0,0
"993",1000,0.9,1,1,45,45,45,45,369,369,210,210,210,110,0,0,0,0,0,0,0,0,0,0
"994",1000,0.9,1,1,57,57,57,57,57,57,57,495,110,110,0,0,0,0,0,0,0,0,0,0
"995",1000,0.9,1,0,49,49,49,49,379,379,379,379,379,379,379,379,379,379,379,379,379,379,379,379
"996",1000,0.9,1,0,67,67,67,67,67,67,67,67,67,67,652,652,652,652,652,652,652,652,652,652
"997",1000,0.9,1,1,60,60,60,60,60,60,60,60,520,110,110,0,0,0,0,0,0,0,0,0
"998",1000,0.9,1,0,68,68,68,68,68,68,68,68,68,569,569,569,569,569,569,569,569,569,569,569
"999",1000,0.9,1,1,55,55,55,55,55,55,426,426,426,310,110,110,109,0,0,0,0,0,0,0
"1000",1000,0.9,1,1,53,53,53,53,53,53,459,110,110,0,0,0,0,0,0,0,0,0,0,0
"1001",1000,1,0,1,55,55,55,55,55,55,110,110,0,0,0,0,0,0,0,0,0,0,0,0
"1002",1000,1,0,1,64,64,64,64,64,64,64,64,110,110,0,0,0,0,0,0,0,0,0,0
"1003",1000,1,0,1,62,62,62,62,62,62,62,110,0,0,0,0,0,0,0,0,0,0,0,0
"1004",1000,1,0,1,60,60,60,60,60,60,60,60,110,0,0,0,0,0,0,0,0,0,0,0
"1005",1000,1,0,1,55,55,55,55,55,55,55,110,0,0,0,0,0,0,0,0,0,0,0,0
"1006",1000,1,0,1,62,62,62,62,62,62,62,110,110,0,0,0,0,0,0,0,0,0,0,0
"1007",1000,1,0,1,60,60,60,60,60,60,110,109,110,0,0,0,0,0,0,0,0,0,0,0
"1008",1000,1,0,1,49,49,49,49,49,110,0,0,0,0,0,0,0,0,0,0,0,0,0,0
"1009",1000,1,0,1,55,55,55,55,55,55,110,0,0,0,0,0,0,0,0,0,0,0,0,0
"1010",1000,1,0,1,73,73,73,73,73,73,73,73,73,73,110,110,110,0,0,0,0,0,0,0
"1011",1000,1,0.1,1,54,54,54,54,54,54,54,170,0,0,0,0,0,0,0,0,0,0,0,0
"1012",1000,1,0.1,1,67,67,67,67,67,67,67,67,67,67,67,210,0,0,0,0,0,0,0,0
"1013",1000,1,0.1,1,64,64,64,64,64,64,64,64,64,190,109,0,0,0,0,0,0,0,0,0
"1014",1000,1,0.1,1,67,67,67,67,67,67,67,67,67,67,200,0,0,0,0,0,0,0,0,0
"1015",1000,1,0.1,1,54,54,54,54,54,54,160,0,0,0,0,0,0,0,0,0,0,0,0,0
"1016",1000,1,0.1,1,67,67,67,67,67,67,67,67,67,190,0,0,0,0,0,0,0,0,0,0
"1017",1000,1,0.1,1,67,67,67,67,67,67,67,67,67,67,67,67,67,230,0,0,0,0,0,0
"1018",1000,1,0.1,1,56,56,56,56,56,56,56,170,110,0,0,0,0,0,0,0,0,0,0,0
"1019",1000,1,0.1,1,59,59,59,59,59,59,59,59,180,110,110,0,0,0,0,0,0,0,0,0
"1020",1000,1,0.1,1,59,59,59,59,59,59,59,170,170,170,130,0,0,0,0,0,0,0,0,0
"1021",1000,1,0.2,1,63,63,63,63,63,63,63,63,63,270,0,0,0,0,0,0,0,0,0,0
"1022",1000,1,0.2,1,65,65,65,65,65,65,65,65,65,65,290,0,0,0,0,0,0,0,0,0
"1023",1000,1,0.2,1,70,70,70,70,70,70,70,70,70,270,110,0,0,0,0,0,0,0,0,0
"1024",1000,1,0.2,1,55,55,55,55,55,55,210,110,0,0,0,0,0,0,0,0,0,0,0,0
"1025",1000,1,0.2,1,54,54,54,54,54,54,210,109,0,0,0,0,0,0,0,0,0,0,0,0
"1026",1000,1,0.2,1,55,55,55,55,55,55,55,230,0,0,0,0,0,0,0,0,0,0,0,0
"1027",1000,1,0.2,1,63,63,63,63,63,63,63,63,63,63,63,63,63,63,63,63,0,0,0,0
"1028",1000,1,0.2,1,66,66,66,66,66,66,66,230,110,0,0,0,0,0,0,0,0,0,0,0
"1029",1000,1,0.2,1,71,71,71,71,71,71,71,71,71,71,289,289,130,110,0,0,0,0,0,0
"1030",1000,1,0.2,1,64,64,64,64,64,64,64,64,249,0,0,0,0,0,0,0,0,0,0,0
"1031",1000,1,0.3,1,65,65,65,65,65,65,65,65,320,110,0,0,0,0,0,0,0,0,0,0
"1032",1000,1,0.3,1,71,71,71,71,71,71,71,71,71,348,0,0,0,0,0,0,0,0,0,0
"1033",1000,1,0.3,1,43,43,43,43,200,110,0,0,0,0,0,0,0,0,0,0,0,0,0,0
"1034",1000,1,0.3,1,60,60,60,60,60,60,260,110,109,0,0,0,0,0,0,0,0,0,0,0
"1035",1000,1,0.3,1,61,61,61,61,61,61,61,289,289,140,140,140,0,0,0,0,0,0,0,0
"1036",1000,1,0.3,0,73,73,73,73,73,73,73,73,73,73,73,73,73,73,73,73,73,73,73,73
"1037",1000,1,0.3,1,58,58,58,58,58,58,58,290,0,0,0,0,0,0,0,0,0,0,0,0
"1038",1000,1,0.3,1,55,55,55,55,55,55,55,290,0,0,0,0,0,0,0,0,0,0,0,0
"1039",1000,1,0.3,1,60,60,60,60,60,60,60,60,60,350,0,0,0,0,0,0,0,0,0,0
"1040",1000,1,0.3,1,64,64,64,64,64,64,64,287,0,0,0,0,0,0,0,0,0,0,0,0
"1041",1000,1,0.4,1,46,46,46,46,46,270,110,0,0,0,0,0,0,0,0,0,0,0,0,0
"1042",1000,1,0.4,1,63,63,63,63,63,63,63,63,63,398,110,0,0,0,0,0,0,0,0,0
"1043",1000,1,0.4,1,69,69,69,69,69,69,69,69,69,398,110,0,0,0,0,0,0,0,0,0
"1044",1000,1,0.4,1,58,58,58,58,58,58,58,58,0,0,0,0,0,0,0,0,0,0,0,0
"1045",1000,1,0.4,1,56,56,56,56,56,56,56,349,0,0,0,0,0,0,0,0,0,0,0,0
"1046",1000,1,0.4,0,62,62,62,62,62,62,62,62,371,371,371,371,371,371,371,371,371,371,371,371
"1047",1000,1,0.4,1,43,43,43,43,43,270,0,0,0,0,0,0,0,0,0,0,0,0,0,0
"1048",1000,1,0.4,1,64,64,64,64,64,64,64,64,64,390,0,0,0,0,0,0,0,0,0,0
"1049",1000,1,0.4,1,61,61,61,61,61,61,61,341,110,0,0,0,0,0,0,0,0,0,0,0
"1050",1000,1,0.4,1,56,56,56,56,56,56,310,0,0,0,0,0,0,0,0,0,0,0,0,0
"1051",1000,1,0.5,1,57,57,57,57,57,57,344,110,110,160,0,0,0,0,0,0,0,0,0,0
"1052",1000,1,0.5,1,66,66,66,66,66,66,66,66,66,419,110,109,0,0,0,0,0,0,0,0
"1053",1000,1,0.5,1,65,65,65,65,65,65,65,397,397,160,110,0,0,0,0,0,0,0,0,0
"1054",1000,1,0.5,1,49,49,49,49,49,310,310,159,110,0,0,0,0,0,0,0,0,0,0,0
"1055",1000,1,0.5,1,57,57,57,57,57,57,57,365,110,0,0,0,0,0,0,0,0,0,0,0
"1056",1000,1,0.5,1,68,68,68,68,68,68,68,68,68,68,68,68,68,505,0,0,0,0,0,0
"1057",1000,1,0.5,1,63,63,63,63,63,63,63,63,387,0,0,0,0,0,0,0,0,0,0,0
"1058",1000,1,0.5,1,44,44,44,44,44,308,0,0,0,0,0,0,0,0,0,0,0,0,0,0
"1059",1000,1,0.5,1,65,65,65,65,65,65,65,65,397,0,0,0,0,0,0,0,0,0,0,0
"1060",1000,1,0.5,1,56,56,56,56,56,56,56,371,0,0,0,0,0,0,0,0,0,0,0,0
"1061",1000,1,0.6,1,43,43,43,43,43,350,0,0,0,0,0,0,0,0,0,0,0,0,0,0
"1062",1000,1,0.6,1,64,64,64,64,64,64,64,64,64,442,0,0,0,0,0,0,0,0,0,0
"1063",1000,1,0.6,1,60,60,60,60,60,60,60,60,60,422,0,0,0,0,0,0,0,0,0,0
"1064",1000,1,0.6,1,72,72,72,72,72,72,72,72,72,72,452,0,0,0,0,0,0,0,0,0
"1065",1000,1,0.6,1,69,69,69,69,69,69,69,69,69,69,466,0,0,0,0,0,0,0,0,0
"1066",1000,1,0.6,1,69,69,69,69,69,69,69,69,69,69,69,498,0,0,0,0,0,0,0,0
"1067",1000,1,0.6,0,64,64,64,64,64,64,64,64,64,64,64,64,64,64,64,64,64,64,247,10
"1068",1000,1,0.6,1,54,54,54,54,54,54,394,0,0,0,0,0,0,0,0,0,0,0,0,0
"1069",1000,1,0.6,0,80,80,80,80,80,80,80,80,80,80,80,80,80,80,80,80,80,80,80,80
"1070",1000,1,0.6,1,68,68,68,68,68,68,68,68,68,68,459,0,0,0,0,0,0,0,0,0
"1071",1000,1,0.7,1,48,48,48,48,48,362,362,177,0,0,0,0,0,0,0,0,0,0,0,0
"1072",1000,1,0.7,1,72,72,72,72,72,72,72,72,72,72,72,72,72,607,0,0,0,0,0,0
"1073",1000,1,0.7,1,72,72,72,72,72,72,72,72,72,72,72,72,72,605,605,605,605,320,110,0
"1074",1000,1,0.7,1,57,57,57,57,57,57,392,0,0,0,0,0,0,0,0,0,0,0,0,0
"1075",1000,1,0.7,1,64,64,64,64,64,64,64,64,64,485,0,0,0,0,0,0,0,0,0,0
"1076",1000,1,0.7,1,65,65,65,65,65,65,65,65,65,471,471,471,471,471,390,0,0,0,0,0
"1077",1000,1,0.7,1,65,65,65,65,65,65,65,65,65,65,65,65,65,65,624,0,0,0,0,0
"1078",1000,1,0.7,1,62,62,62,62,62,62,62,62,442,0,0,0,0,0,0,0,0,0,0,0
"1079",1000,1,0.7,1,48,48,48,48,48,378,110,0,0,0,0,0,0,0,0,0,0,0,0,0
"1080",1000,1,0.7,1,60,60,60,60,60,60,60,60,427,0,0,0,0,0,0,0,0,0,0,0
"1081",1000,1,0.8,1,66,66,66,66,66,66,66,66,66,0,0,0,0,0,0,0,0,0,0,0
"1082",1000,1,0.8,1,56,56,56,56,56,56,56,436,0,0,0,0,0,0,0,0,0,0,0,0
"1083",1000,1,0.8,1,56,56,56,56,56,56,56,56,482,110,110,190,0,0,0,0,0,0,0,0
"1084",1000,1,0.8,1,59,59,59,59,59,59,59,446,110,110,0,0,0,0,0,0,0,0,0,0
"1085",1000,1,0.8,1,57,57,57,57,57,57,57,438,0,0,0,0,0,0,0,0,0,0,0,0
"1086",1000,1,0.8,1,55,55,55,55,55,55,386,0,0,0,0,0,0,0,0,0,0,0,0,0
"1087",1000,1,0.8,1,60,60,60,60,60,60,60,60,488,0,0,0,0,0,0,0,0,0,0,0
"1088",1000,1,0.8,1,65,65,65,65,65,65,65,65,65,524,0,0,0,0,0,0,0,0,0,0
"1089",1000,1,0.8,1,63,63,63,63,63,63,63,63,63,63,542,0,0,0,0,0,0,0,0,0
"1090",1000,1,0.8,1,54,54,54,54,54,54,415,0,0,0,0,0,0,0,0,0,0,0,0,0
"1091",1000,1,0.9,1,59,59,59,59,59,59,59,462,110,110,0,0,0,0,0,0,0,0,0,0
"1092",1000,1,0.9,1,65,65,65,65,65,65,65,65,65,557,0,0,0,0,0,0,0,0,0,0
"1093",1000,1,0.9,1,55,55,55,55,55,55,442,0,0,0,0,0,0,0,0,0,0,0,0,0
"1094",1000,1,0.9,1,67,67,67,67,67,67,67,67,67,67,600,0,0,0,0,0,0,0,0,0
"1095",1000,1,0.9,1,52,52,52,52,52,52,404,0,0,0,0,0,0,0,0,0,0,0,0,0
"1096",1000,1,0.9,0,71,71,71,71,71,71,71,71,71,71,71,71,71,71,71,71,71,71,71,71
"1097",1000,1,0.9,1,66,66,66,66,66,66,66,66,489,0,0,0,0,0,0,0,0,0,0,0
"1098",1000,1,0.9,1,64,64,64,64,64,64,64,64,488,488,488,488,380,110,0,0,0,0,0,0
"1099",1000,1,0.9,1,61,61,61,61,61,61,61,61,497,0,0,0,0,0,0,0,0,0,0,0
"1100",1000,1,0.9,1,59,59,59,59,59,59,59,59,59,59,599,0,0,0,0,0,0,0,0,0
"1101",1000,1,1,1,63,63,63,63,63,63,63,63,530,110,0,0,0,0,0,0,0,0,0,0
"1102",1000,1,1,1,61,61,61,61,61,61,61,479,0,0,0,0,0,0,0,0,0,0,0,0
"1103",1000,1,1,1,56,56,56,56,56,56,56,0,0,0,0,0,0,0,0,0,0,0,0,0
"1104",1000,1,1,1,66,66,66,66,66,66,66,66,526,0,0,0,0,0,0,0,0,0,0,0
"1105",1000,1,1,0,66,66,66,66,66,66,66,66,66,66,66,66,66,66,66,66,66,66,66,66
"1106",1000,1,1,0,67,67,67,67,67,67,67,67,67,568,568,568,568,568,568,568,568,568,568,568
"1107",1000,1,1,1,60,60,60,60,60,60,60,492,110,109,0,0,0,0,0,0,0,0,0,0
"1108",1000,1,1,0,67,67,67,67,67,67,67,67,67,67,67,67,67,67,67,67,67,67,67,67
"1109",1000,1,1,1,66,66,66,66,66,66,66,66,541,0,0,0,0,0,0,0,0,0,0,0
"1110",1000,1,1,1,55,55,55,55,55,55,439,110,0,0,0,0,0,0,0,0,0,0,0,0
