"","budget","UT","BB","Extinct","rep","target","popInit","t1","t2","t3","t4","t5","t6","t7","t8","t9","t10","t11","t12","t13","t14","t15","t16","t17","t18","t19","t20"
"1",1000,0,0,0,10,2000,1000,15,25,9,100,9,12,100,9,9,9,100,9,9,100,9,9,76,9,9,9
"2",1000,0,0,0,20,2000,1000,20,9,9,9,9,9,9,90,9,9,9,100,9,9,45,9,9,9,9,76
"3",1000,0,0,0,30,2000,1000,23,9,9,9,71,9,9,9,9,90,9,9,9,100,9,9,71,9,9,9
"4",1000,0,0,0,40,2000,1000,16,90,9,9,9,9,100,9,9,100,9,9,100,9,9,20,100,9,9,47
"5",1000,0,0,1,50,2000,1000,27,9,100,9,9,9,27,9,34,41,9,9,9,9,9,9,9,0,0,0
"6",1000,0,0,0,60,2000,1000,16,55,9,9,9,9,9,9,9,9,9,12,100,9,9,58,9,9,9,38
"7",1000,0,0,0,70,2000,1000,15,10,100,9,9,9,100,9,9,100,9,9,100,9,9,9,90,9,9,62
"8",1000,0,0,0,80,2000,1000,17,9,83,9,9,9,9,100,9,9,100,9,9,9,100,9,9,38,9,9
"9",1000,0,0,0,90,2000,1000,15,9,62,9,9,9,9,9,100,9,9,100,9,9,55,9,9,9,83,9
"10",1000,0,0,0,100,2000,1000,17,20,9,100,9,9,9,58,9,9,9,100,9,9,100,9,9,38,9,9
"11",1000,0.1,0,1,10,2000,1000,17,9,100,9,9,100,9,9,76,9,9,9,100,9,9,9,100,100,9,0
"12",1000,0.1,0,0,20,2000,1000,17,83,9,9,9,9,100,9,9,52,9,9,9,9,9,25,25,9,9,9
"13",1000,0.1,0,1,30,2000,1000,13,45,9,9,9,9,9,9,9,0,0,0,0,0,0,0,0,0,0,0
"14",1000,0.1,0,0,40,2000,1000,14,90,9,9,9,50,9,9,9,9,83,9,9,100,9,9,100,9,9,9
"15",1000,0.1,0,0,50,2000,1000,17,9,100,9,9,100,9,9,9,100,9,9,9,100,9,9,100,9,9,71
"16",1000,0.1,0,0,60,2000,1000,17,83,9,9,9,9,9,100,9,9,100,9,9,100,9,9,55,9,9,9
"17",1000,0.1,0,1,70,2000,1000,17,9,9,90,9,9,100,9,9,100,100,9,0,0,0,0,0,0,0,0
"18",1000,0.1,0,0,80,2000,1000,15,9,9,62,9,9,9,100,9,9,43,9,9,9,9,100,9,9,9,100
"19",1000,0.1,0,1,90,2000,1000,18,9,9,100,9,9,35,9,9,100,100,9,0,0,0,0,0,0,0,0
"20",1000,0.1,0,1,100,2000,1000,16,9,9,100,9,9,100,9,9,9,100,100,9,0,0,0,0,0,0,0
"21",1000,0.1,0.1,0,10,2000,1000,15,76,9,9,9,9,9,9,9,35,9,32,9,9,100,8,9,24,24,8
"22",1000,0.1,0.1,0,20,2000,1000,15,100,9,9,9,9,100,8,9,66,9,9,9,9,100,8,9,9,100,8
"23",1000,0.1,0.1,0,30,2000,1000,17,9,100,9,9,47,9,9,9,9,9,100,8,38,9,9,9,9,100,100
"24",1000,0.1,0.1,1,40,2000,1000,16,27,9,9,100,100,7,0,0,0,0,0,0,0,0,0,0,0,0,0
"25",1000,0.1,0.1,1,50,2000,1000,18,71,9,9,9,9,33,9,9,38,62,9,9,9,9,9,9,9,9,0
"26",1000,0.1,0.1,0,60,2000,1000,18,9,90,9,9,9,9,9,100,8,9,55,9,9,9,38,9,9,9,9
"27",1000,0.1,0.1,1,70,2000,1000,17,9,43,9,9,9,100,8,8,100,100,7,0,0,0,0,0,0,0,0
"28",1000,0.1,0.1,1,80,2000,1000,18,9,9,83,8,9,33,9,47,9,9,100,100,7,0,0,0,0,0,0
"29",1000,0.1,0.1,1,90,2000,1000,21,9,38,9,9,9,66,9,9,9,28,28,8,9,9,9,9,0,0,0
"30",1000,0.1,0.1,0,100,2000,1000,18,9,43,9,9,9,9,52,9,9,9,100,8,9,50,9,9,9,100,8
"31",1000,0.1,0.2,0,10,2000,1000,14,76,9,9,9,83,9,9,9,100,7,7,100,7,28,9,9,100,100,6
"32",1000,0.1,0.2,0,20,2000,1000,16,9,9,66,9,9,9,9,9,100,7,7,100,7,9,66,9,9,9,9
"33",1000,0.1,0.2,0,30,2000,1000,16,9,83,9,9,9,100,9,9,55,9,9,9,9,100,7,9,62,9,9
"34",1000,0.1,0.2,0,40,2000,1000,17,83,9,9,9,9,83,9,9,9,47,9,31,9,9,90,7,9,9,100
"35",1000,0.1,0.2,0,50,2000,1000,21,9,100,9,9,62,9,9,9,100,7,7,100,7,7,100,7,9,100,9
"36",1000,0.1,0.2,1,60,2000,1000,16,9,100,9,9,9,100,7,7,100,100,6,0,0,0,0,0,0,0,0
"37",1000,0.1,0.2,0,70,2000,1000,20,32,9,9,83,9,9,83,7,9,9,100,7,7,100,7,7,100,7,7
"38",1000,0.1,0.2,0,80,2000,1000,19,62,9,9,9,9,100,7,9,83,9,9,83,9,9,9,9,100,7,7
"39",1000,0.1,0.2,0,90,2000,1000,17,9,9,29,9,29,9,40,9,9,9,100,7,9,76,9,9,9,9,100
"40",1000,0.1,0.2,0,100,2000,1000,13,24,9,9,100,7,26,31,9,9,100,9,9,43,9,9,9,71,9,9
"41",1000,0.1,0.3,1,10,2000,1000,18,9,100,9,9,100,9,9,9,100,100,5,0,0,0,0,0,0,0,0
"42",1000,0.1,0.3,0,20,2000,1000,18,9,71,9,9,9,100,7,9,100,9,9,71,9,9,9,9,100,7,7
"43",1000,0.1,0.3,1,30,2000,1000,15,32,9,32,66,9,9,9,9,9,9,0,0,0,0,0,0,0,0,0
"44",1000,0.1,0.3,0,40,2000,1000,16,50,9,9,66,9,9,9,25,25,7,9,76,9,9,9,9,76,9,9
"45",1000,0.1,0.3,1,50,2000,1000,19,62,9,9,9,9,9,9,9,9,0,0,0,0,0,0,0,0,0,0
"46",1000,0.1,0.3,1,60,2000,1000,17,11,90,9,9,9,25,25,7,100,100,7,0,0,0,0,0,0,0,0
"47",1000,0.1,0.3,0,70,2000,1000,13,9,76,9,9,9,9,100,7,62,9,9,9,100,7,9,52,9,9,9
"48",1000,0.1,0.3,0,80,2000,1000,16,90,9,9,66,9,9,62,9,9,9,100,9,9,100,7,7,100,7,9
"49",1000,0.1,0.3,0,90,2000,1000,16,90,9,9,9,25,100,9,9,9,71,9,9,9,62,9,9,9,100,9
"50",1000,0.1,0.3,0,100,2000,1000,13,9,9,100,7,9,90,9,9,9,40,9,9,9,100,7,9,100,100,7
"51",1000,0.1,0.4,0,10,2000,1000,17,38,9,9,9,9,71,9,9,9,52,9,9,9,9,9,58,9,9,9
"52",1000,0.1,0.4,1,20,2000,1000,19,9,50,9,9,9,9,9,9,9,9,9,0,0,0,0,0,0,0,0
"53",1000,0.1,0.4,1,30,2000,1000,16,9,90,9,9,9,9,100,100,5,0,0,0,0,0,0,0,0,0,0
"54",1000,0.1,0.4,0,40,2000,1000,15,100,9,9,55,9,9,9,9,100,6,6,100,6,6,100,6,6,100,6
"55",1000,0.1,0.4,0,50,2000,1000,15,9,9,100,6,9,38,9,9,9,100,6,9,90,9,9,9,66,9,9
"56",1000,0.1,0.4,0,60,2000,1000,15,9,9,71,9,9,9,9,90,9,9,9,100,6,6,100,6,6,100,100
"57",1000,0.1,0.4,1,70,2000,1000,13,100,9,9,83,9,9,9,41,41,6,9,9,9,9,0,0,0,0,0
"58",1000,0.1,0.4,1,80,2000,1000,13,58,9,9,9,9,9,9,9,9,0,0,0,0,0,0,0,0,0,0
"59",1000,0.1,0.4,1,90,2000,1000,16,76,9,9,9,9,9,100,6,6,100,6,6,100,100,5,0,0,0,0
"60",1000,0.1,0.4,0,100,2000,1000,15,9,9,100,6,37,9,9,52,9,9,9,83,9,9,100,6,9,76,9
"61",1000,0.1,0.5,0,10,2000,1000,16,9,9,27,9,9,31,9,9,100,6,9,58,9,9,9,100,9,9,25
"62",1000,0.1,0.5,0,20,2000,1000,18,9,90,9,9,9,9,9,100,6,9,58,9,9,9,9,9,9,100,6
"63",1000,0.1,0.5,1,30,2000,1000,16,21,21,6,100,9,9,9,100,100,4,0,0,0,0,0,0,0,0,0
"64",1000,0.1,0.5,0,40,2000,1000,15,62,9,9,9,9,9,9,9,9,9,100,6,9,47,9,9,9,9,100
"65",1000,0.1,0.5,1,50,2000,1000,17,76,9,9,27,27,6,9,9,9,9,9,0,0,0,0,0,0,0,0
"66",1000,0.1,0.5,1,60,2000,1000,17,62,9,9,9,9,45,45,6,9,9,9,9,0,0,0,0,0,0,0
"67",1000,0.1,0.5,1,70,2000,1000,16,9,100,9,9,35,31,9,9,9,100,6,6,100,100,4,0,0,0,0
"68",1000,0.1,0.5,0,80,2000,1000,15,58,9,9,9,9,9,52,9,9,9,100,6,6,100,6,6,100,6,6
"69",1000,0.1,0.5,0,90,2000,1000,18,62,9,9,9,9,9,37,9,9,100,6,6,100,6,6,100,6,6,100
"70",1000,0.1,0.5,0,100,2000,1000,16,9,100,9,9,26,26,6,9,83,9,9,62,9,9,71,9,9,9,52
"71",1000,0.1,0.6,1,10,2000,1000,15,9,9,45,9,9,9,9,100,5,5,100,100,4,0,0,0,0,0,0
"72",1000,0.1,0.6,1,20,2000,1000,14,9,83,9,9,9,9,100,100,4,0,0,0,0,0,0,0,0,0,0
"73",1000,0.1,0.6,0,30,2000,1000,15,30,9,9,58,9,9,9,9,100,5,5,100,5,90,9,9,9,9,90
"74",1000,0.1,0.6,1,40,2000,1000,16,9,100,9,9,90,9,9,100,100,4,0,0,0,0,0,0,0,0,0
"75",1000,0.1,0.6,0,50,2000,1000,20,9,100,9,9,9,52,9,9,9,9,9,90,9,9,9,100,5,5,100
"76",1000,0.1,0.6,1,60,2000,1000,17,9,25,25,5,9,25,9,35,9,9,9,100,100,4,0,0,0,0,0
"77",1000,0.1,0.6,0,70,2000,1000,15,100,9,9,9,38,9,9,55,9,9,9,9,41,9,9,9,9,100,100
"78",1000,0.1,0.6,0,80,2000,1000,13,9,9,100,5,90,9,9,41,9,9,9,9,100,5,5,100,5,29,29
"79",1000,0.1,0.6,0,90,2000,1000,20,9,9,9,9,100,5,5,100,5,35,9,9,9,100,5,5,100,100,4
"80",1000,0.1,0.6,0,100,2000,1000,15,83,9,9,9,9,58,9,9,58,9,9,9,62,9,9,9,27,27,5
"81",1000,0.1,0.7,0,10,2000,1000,16,30,9,9,9,9,100,5,5,100,5,33,9,9,9,9,100,5,29,9
"82",1000,0.1,0.7,1,20,2000,1000,21,9,9,100,100,4,0,0,0,0,0,0,0,0,0,0,0,0,0,0
"83",1000,0.1,0.7,0,30,2000,1000,12,9,9,100,5,9,62,9,9,9,9,100,5,52,9,9,9,62,9,9
"84",1000,0.1,0.7,0,40,2000,1000,18,76,9,9,9,9,100,5,9,100,9,9,100,9,9,47,9,9,9,9
"85",1000,0.1,0.7,1,50,2000,1000,13,9,100,9,9,9,40,9,9,9,9,100,5,5,100,100,4,0,0,0
"86",1000,0.1,0.7,1,60,2000,1000,17,83,9,9,9,9,83,5,5,100,100,4,0,0,0,0,0,0,0,0
"87",1000,0.1,0.7,1,70,2000,1000,18,9,9,9,100,5,9,66,9,9,9,9,100,5,5,100,100,4,0,0
"88",1000,0.1,0.7,1,80,2000,1000,14,9,100,9,9,9,9,83,9,9,9,100,100,4,0,0,0,0,0,0
"89",1000,0.1,0.7,0,90,2000,1000,15,76,9,9,9,9,100,5,62,9,9,9,9,9,9,100,5,5,100,100
"90",1000,0.1,0.7,0,100,2000,1000,16,71,9,9,9,9,9,90,5,9,66,9,9,26,26,5,9,50,9,9
"91",1000,0.1,0.8,1,10,2000,1000,15,45,9,9,9,9,9,9,9,0,0,0,0,0,0,0,0,0,0,0
"92",1000,0.1,0.8,1,20,2000,1000,16,45,9,9,9,100,100,3,0,0,0,0,0,0,0,0,0,0,0,0
"93",1000,0.1,0.8,1,30,2000,1000,13,100,9,9,9,100,5,35,9,9,100,100,3,0,0,0,0,0,0,0
"94",1000,0.1,0.8,0,40,2000,1000,16,9,100,9,9,100,5,5,100,5,35,9,9,9,100,5,41,41,5,9
"95",1000,0.1,0.8,1,50,2000,1000,19,28,9,9,100,5,5,100,5,5,100,100,3,0,0,0,0,0,0,0
"96",1000,0.1,0.8,1,60,2000,1000,15,26,9,9,100,100,3,0,0,0,0,0,0,0,0,0,0,0,0,0
"97",1000,0.1,0.8,1,70,2000,1000,16,62,9,9,45,9,9,9,9,9,100,5,5,100,5,5,100,100,3,0
"98",1000,0.1,0.8,0,80,2000,1000,16,9,55,9,9,9,35,9,9,90,5,5,100,5,30,62,9,9,9,9
"99",1000,0.1,0.8,0,90,2000,1000,17,9,66,9,9,9,9,90,5,9,52,9,9,9,9,26,40,9,9,9
"100",1000,0.1,0.8,0,100,2000,1000,15,23,83,9,9,83,9,9,90,5,9,76,9,9,62,9,9,9,9,100
"101",1000,0.1,0.9,1,10,2000,1000,16,9,9,100,100,3,0,0,0,0,0,0,0,0,0,0,0,0,0,0
"102",1000,0.1,0.9,0,20,2000,1000,17,9,100,9,9,90,5,9,71,9,9,9,9,90,5,9,62,9,9,9
"103",1000,0.1,0.9,0,30,2000,1000,15,20,20,20,3,100,9,9,100,5,9,71,9,9,9,55,9,9,33,9
"104",1000,0.1,0.9,1,40,2000,1000,17,9,9,9,50,9,9,9,100,100,3,0,0,0,0,0,0,0,0,0
"105",1000,0.1,0.9,0,50,2000,1000,15,100,9,9,50,9,9,9,9,76,9,9,9,100,5,5,100,5,28,9
"106",1000,0.1,0.9,0,60,2000,1000,14,9,90,9,9,9,9,100,5,37,26,9,35,9,9,62,9,9,9,38
"107",1000,0.1,0.9,0,70,2000,1000,25,9,9,9,100,5,9,90,9,9,83,9,9,9,100,5,5,100,5,37
"108",1000,0.1,0.9,0,80,2000,1000,18,76,9,9,9,62,9,9,9,100,5,62,9,9,9,9,9,100,5,5
"109",1000,0.1,0.9,0,90,2000,1000,19,9,9,100,5,33,100,9,9,34,9,47,9,9,9,100,5,5,100,5
"110",1000,0.1,0.9,1,100,2000,1000,15,9,83,9,9,9,9,100,100,3,0,0,0,0,0,0,0,0,0,0
"111",1000,0.1,1,1,10,2000,1000,20,9,9,9,9,52,9,9,9,100,4,4,100,100,3,0,0,0,0,0
"112",1000,0.1,1,0,20,2000,1000,16,9,9,9,100,4,71,9,9,9,9,100,9,9,9,100,4,38,9,9
"113",1000,0.1,1,1,30,2000,1000,18,9,76,9,9,9,9,30,9,9,100,4,4,100,100,3,0,0,0,0
"114",1000,0.1,1,0,40,2000,1000,15,100,9,9,76,9,9,9,9,100,9,9,100,9,9,100,9,9,66,9
"115",1000,0.1,1,1,50,2000,1000,16,100,9,9,9,9,100,4,4,100,100,3,0,0,0,0,0,0,0,0
"116",1000,0.1,1,1,60,2000,1000,16,47,9,9,9,9,9,9,9,55,9,9,9,100,4,4,100,100,3,0
"117",1000,0.1,1,0,70,2000,1000,16,32,9,9,37,9,9,100,9,9,9,100,4,76,9,9,9,100,4,4
"118",1000,0.1,1,0,80,2000,1000,19,9,9,55,9,9,9,9,62,9,9,9,83,9,9,9,100,4,38,9
"119",1000,0.1,1,1,90,2000,1000,14,41,9,9,9,9,9,9,9,100,4,4,100,29,9,9,9,9,0,0
"120",1000,0.1,1,1,100,2000,1000,16,66,9,9,9,90,4,4,100,100,3,0,0,0,0,0,0,0,0,0
"121",1000,0.2,0,1,10,2000,1000,16,9,9,55,9,9,9,100,100,9,0,0,0,0,0,0,0,0,0,0
"122",1000,0.2,0,0,20,2000,1000,20,9,9,9,9,9,100,9,9,50,9,9,9,9,100,9,9,9,100,100
"123",1000,0.2,0,1,30,2000,1000,18,50,9,9,9,9,9,9,9,9,9,9,9,100,100,9,0,0,0,0
"124",1000,0.2,0,1,40,2000,1000,15,9,90,9,9,9,9,83,9,9,9,9,100,100,9,0,0,0,0,0
"125",1000,0.2,0,0,50,2000,1000,18,9,9,90,9,9,90,9,9,9,90,9,9,9,100,9,9,100,100,9
"126",1000,0.2,0,1,60,2000,1000,14,71,9,9,9,9,71,9,9,9,9,100,100,9,0,0,0,0,0,0
"127",1000,0.2,0,0,70,2000,1000,15,100,9,9,9,71,9,9,9,9,9,66,9,9,9,50,9,9,9,55
"128",1000,0.2,0,1,80,2000,1000,18,43,43,9,9,9,9,0,0,0,0,0,0,0,0,0,0,0,0,0
"129",1000,0.2,0,0,90,2000,1000,17,52,9,9,9,9,9,100,9,9,52,9,9,100,9,9,9,90,9,9
"130",1000,0.2,0,1,100,2000,1000,14,30,9,9,66,9,9,9,9,100,100,9,0,0,0,0,0,0,0,0
"131",1000,0.2,0.1,1,10,2000,1000,14,100,9,9,9,9,100,8,9,9,100,100,7,0,0,0,0,0,0,0
"132",1000,0.2,0.1,0,20,2000,1000,20,9,9,100,8,8,90,8,9,9,100,8,9,9,100,8,9,9,100,100
"133",1000,0.2,0.1,1,30,2000,1000,18,9,9,100,8,9,9,100,100,7,0,0,0,0,0,0,0,0,0,0
"134",1000,0.2,0.1,0,40,2000,1000,16,18,18,52,8,9,9,9,9,9,9,76,8,9,9,90,8,9,9,100
"135",1000,0.2,0.1,1,50,2000,1000,15,9,100,9,9,9,9,100,100,7,0,0,0,0,0,0,0,0,0,0
"136",1000,0.2,0.1,1,60,2000,1000,17,55,9,9,9,9,9,9,100,100,7,0,0,0,0,0,0,0,0,0
"137",1000,0.2,0.1,1,70,2000,1000,17,9,9,100,100,7,0,0,0,0,0,0,0,0,0,0,0,0,0,0
"138",1000,0.2,0.1,0,80,2000,1000,17,9,83,9,9,9,58,8,8,76,8,8,83,8,9,9,90,8,9,52
"139",1000,0.2,0.1,1,90,2000,1000,15,58,9,9,9,9,9,9,90,8,9,9,100,8,9,9,100,100,7,0
"140",1000,0.2,0.1,1,100,2000,1000,13,100,9,9,9,9,100,100,7,0,0,0,0,0,0,0,0,0,0,0
"141",1000,0.2,0.2,1,10,2000,1000,16,38,9,9,9,9,9,100,100,6,0,0,0,0,0,0,0,0,0,0
"142",1000,0.2,0.2,1,20,2000,1000,16,100,9,9,9,9,100,7,7,100,7,9,9,100,100,6,0,0,0,0
"143",1000,0.2,0.2,1,30,2000,1000,16,9,100,100,7,0,0,0,0,0,0,0,0,0,0,0,0,0,0,0
"144",1000,0.2,0.2,1,40,2000,1000,15,22,22,7,7,100,100,6,0,0,0,0,0,0,0,0,0,0,0,0
"145",1000,0.2,0.2,1,50,2000,1000,20,9,9,76,7,9,9,100,7,7,100,100,6,0,0,0,0,0,0,0
"146",1000,0.2,0.2,1,60,2000,1000,20,52,9,9,9,9,9,9,9,9,9,9,100,100,5,0,0,0,0,0
"147",1000,0.2,0.2,1,70,2000,1000,16,76,9,9,9,9,9,100,7,7,100,100,6,0,0,0,0,0,0,0
"148",1000,0.2,0.2,1,80,2000,1000,18,9,83,9,9,9,9,9,100,100,6,0,0,0,0,0,0,0,0,0
"149",1000,0.2,0.2,1,90,2000,1000,21,9,9,100,7,7,100,100,6,0,0,0,0,0,0,0,0,0,0,0
"150",1000,0.2,0.2,1,100,2000,1000,15,9,58,9,9,9,62,7,9,9,100,7,7,100,100,6,0,0,0,0
"151",1000,0.2,0.3,1,10,2000,1000,17,9,71,9,9,9,9,100,7,9,9,100,100,5,0,0,0,0,0,0
"152",1000,0.2,0.3,1,20,2000,1000,18,9,100,9,9,9,90,7,7,100,100,5,0,0,0,0,0,0,0,0
"153",1000,0.2,0.3,1,30,2000,1000,17,9,9,100,7,7,100,7,7,100,100,5,0,0,0,0,0,0,0,0
"154",1000,0.2,0.3,0,40,2000,1000,18,9,83,9,9,9,9,9,100,7,7,90,7,9,52,9,9,9,9,100
"155",1000,0.2,0.3,1,50,2000,1000,17,52,9,9,100,7,7,100,7,7,100,100,5,0,0,0,0,0,0,0
"156",1000,0.2,0.3,0,60,2000,1000,14,83,9,9,9,9,9,83,7,9,9,100,7,7,100,7,9,9,100,100
"157",1000,0.2,0.3,1,70,2000,1000,14,66,9,9,9,9,9,9,9,0,0,0,0,0,0,0,0,0,0,0
"158",1000,0.2,0.3,1,80,2000,1000,14,25,25,7,9,9,9,9,90,7,9,9,100,100,5,0,0,0,0,0
"159",1000,0.2,0.3,0,90,2000,1000,17,9,9,52,7,9,9,71,7,9,9,100,7,7,100,7,7,100,100,5
"160",1000,0.2,0.3,1,100,2000,1000,17,52,9,9,9,9,9,9,0,0,0,0,0,0,0,0,0,0,0,0
"161",1000,0.2,0.4,1,10,2000,1000,15,27,27,6,9,9,9,9,0,0,0,0,0,0,0,0,0,0,0,0
"162",1000,0.2,0.4,1,20,2000,1000,17,83,9,9,9,9,100,6,6,100,6,6,100,100,5,0,0,0,0,0
"163",1000,0.2,0.4,0,30,2000,1000,21,9,9,100,6,6,100,6,6,100,6,6,100,6,6,100,6,6,100,100
"164",1000,0.2,0.4,1,40,2000,1000,17,9,100,9,9,9,100,6,6,100,6,6,100,100,5,0,0,0,0,0
"165",1000,0.2,0.4,0,50,2000,1000,12,50,9,9,9,83,9,9,50,9,9,9,9,100,6,6,100,6,6,100
"166",1000,0.2,0.4,1,60,2000,1000,15,83,9,9,9,100,100,5,0,0,0,0,0,0,0,0,0,0,0,0
"167",1000,0.2,0.4,1,70,2000,1000,19,9,9,9,100,100,4,0,0,0,0,0,0,0,0,0,0,0,0,0
"168",1000,0.2,0.4,1,80,2000,1000,14,28,9,9,100,6,6,100,100,5,0,0,0,0,0,0,0,0,0,0
"169",1000,0.2,0.4,1,90,2000,1000,17,58,9,9,9,9,9,9,9,9,100,100,5,0,0,0,0,0,0,0
"170",1000,0.2,0.4,1,100,2000,1000,16,18,18,6,55,9,9,9,9,100,6,6,100,100,5,0,0,0,0,0
"171",1000,0.2,0.5,0,10,2000,1000,13,71,9,9,9,9,71,6,9,66,9,9,9,90,6,6,90,6,6,100
"172",1000,0.2,0.5,1,20,2000,1000,20,52,9,9,55,6,6,100,6,6,100,100,4,0,0,0,0,0,0,0
"173",1000,0.2,0.5,0,30,2000,1000,16,37,9,9,9,9,50,9,9,9,83,9,9,9,100,6,6,100,100,4
"174",1000,0.2,0.5,1,40,2000,1000,18,9,9,9,100,6,6,100,100,4,0,0,0,0,0,0,0,0,0,0
"175",1000,0.2,0.5,1,50,2000,1000,17,71,9,9,9,9,100,100,4,0,0,0,0,0,0,0,0,0,0,0
"176",1000,0.2,0.5,1,60,2000,1000,14,33,9,9,9,50,6,9,52,9,9,9,9,100,100,4,0,0,0,0
"177",1000,0.2,0.5,1,70,2000,1000,17,24,24,6,9,9,100,100,4,0,0,0,0,0,0,0,0,0,0,0
"178",1000,0.2,0.5,1,80,2000,1000,17,9,9,100,6,6,100,100,4,0,0,0,0,0,0,0,0,0,0,0
"179",1000,0.2,0.5,1,90,2000,1000,14,28,9,9,100,6,6,100,100,4,0,0,0,0,0,0,0,0,0,0
"180",1000,0.2,0.5,1,100,2000,1000,16,9,9,83,6,9,9,100,100,4,0,0,0,0,0,0,0,0,0,0
"181",1000,0.2,0.6,1,10,2000,1000,16,9,83,9,9,9,9,83,5,5,100,5,5,100,100,4,0,0,0,0
"182",1000,0.2,0.6,1,20,2000,1000,16,9,9,9,100,100,4,0,0,0,0,0,0,0,0,0,0,0,0,0
"183",1000,0.2,0.6,1,30,2000,1000,15,9,100,9,9,9,100,100,4,0,0,0,0,0,0,0,0,0,0,0
"184",1000,0.2,0.6,1,40,2000,1000,17,9,100,100,5,0,0,0,0,0,0,0,0,0,0,0,0,0,0,0
"185",1000,0.2,0.6,1,50,2000,1000,16,10,100,9,9,9,9,100,5,5,100,100,4,0,0,0,0,0,0,0
"186",1000,0.2,0.6,1,60,2000,1000,15,31,9,9,50,5,9,9,100,100,4,0,0,0,0,0,0,0,0,0
"187",1000,0.2,0.6,1,70,2000,1000,17,9,83,9,9,9,9,90,5,5,100,100,4,0,0,0,0,0,0,0
"188",1000,0.2,0.6,1,80,2000,1000,16,9,100,9,9,90,5,5,100,100,4,0,0,0,0,0,0,0,0,0
"189",1000,0.2,0.6,1,90,2000,1000,17,9,100,9,9,9,9,100,100,4,0,0,0,0,0,0,0,0,0,0
"190",1000,0.2,0.6,1,100,2000,1000,15,76,9,9,9,9,9,83,5,5,100,100,4,0,0,0,0,0,0,0
"191",1000,0.2,0.7,1,10,2000,1000,12,66,9,9,9,9,9,9,9,9,9,0,0,0,0,0,0,0,0,0
"192",1000,0.2,0.7,1,20,2000,1000,16,76,9,9,9,9,9,58,5,5,100,5,5,100,100,4,0,0,0,0
"193",1000,0.2,0.7,1,30,2000,1000,15,41,9,9,9,71,5,5,100,5,5,100,100,4,0,0,0,0,0,0
"194",1000,0.2,0.7,1,40,2000,1000,15,23,23,5,5,100,100,4,0,0,0,0,0,0,0,0,0,0,0,0
"195",1000,0.2,0.7,1,50,2000,1000,15,83,9,9,9,9,9,76,5,5,100,100,4,0,0,0,0,0,0,0
"196",1000,0.2,0.7,1,60,2000,1000,18,76,9,9,9,9,9,9,100,100,4,0,0,0,0,0,0,0,0,0
"197",1000,0.2,0.7,1,70,2000,1000,12,100,9,9,9,100,100,4,0,0,0,0,0,0,0,0,0,0,0,0
"198",1000,0.2,0.7,1,80,2000,1000,16,9,50,9,9,9,9,9,100,5,5,100,100,4,0,0,0,0,0,0
"199",1000,0.2,0.7,1,90,2000,1000,19,9,76,9,9,9,9,66,5,5,100,100,4,0,0,0,0,0,0,0
"200",1000,0.2,0.7,1,100,2000,1000,18,76,9,9,9,9,9,83,5,5,100,100,4,0,0,0,0,0,0,0
"201",1000,0.2,0.8,1,10,2000,1000,19,9,9,9,100,100,3,0,0,0,0,0,0,0,0,0,0,0,0,0
"202",1000,0.2,0.8,1,20,2000,1000,18,9,9,9,9,100,100,3,0,0,0,0,0,0,0,0,0,0,0,0
"203",1000,0.2,0.8,1,30,2000,1000,18,9,9,9,9,100,100,3,0,0,0,0,0,0,0,0,0,0,0,0
"204",1000,0.2,0.8,1,40,2000,1000,15,14,58,9,9,9,9,9,9,9,0,0,0,0,0,0,0,0,0,0
"205",1000,0.2,0.8,1,50,2000,1000,15,43,9,9,9,9,9,9,9,9,9,0,0,0,0,0,0,0,0,0
"206",1000,0.2,0.8,1,60,2000,1000,19,62,9,9,9,9,9,9,9,0,0,0,0,0,0,0,0,0,0,0
"207",1000,0.2,0.8,1,70,2000,1000,16,15,15,100,5,9,9,100,100,3,0,0,0,0,0,0,0,0,0,0
"208",1000,0.2,0.8,1,80,2000,1000,14,20,100,9,9,9,100,100,3,0,0,0,0,0,0,0,0,0,0,0
"209",1000,0.2,0.8,1,90,2000,1000,16,50,9,9,9,9,9,9,9,9,9,9,0,0,0,0,0,0,0,0
"210",1000,0.2,0.8,1,100,2000,1000,16,52,9,9,9,9,9,9,9,9,0,0,0,0,0,0,0,0,0,0
"211",1000,0.2,0.9,1,10,2000,1000,20,10,90,9,9,9,9,71,5,9,9,100,100,3,0,0,0,0,0,0
"212",1000,0.2,0.9,1,20,2000,1000,15,9,9,9,100,100,2,0,0,0,0,0,0,0,0,0,0,0,0,0
"213",1000,0.2,0.9,1,30,2000,1000,14,28,66,9,9,9,71,5,5,100,5,5,100,100,3,0,0,0,0,0
"214",1000,0.2,0.9,1,40,2000,1000,17,9,100,100,5,0,0,0,0,0,0,0,0,0,0,0,0,0,0,0
"215",1000,0.2,0.9,1,50,2000,1000,16,23,23,5,5,100,100,3,0,0,0,0,0,0,0,0,0,0,0,0
"216",1000,0.2,0.9,1,60,2000,1000,18,9,100,100,5,0,0,0,0,0,0,0,0,0,0,0,0,0,0,0
"217",1000,0.2,0.9,1,70,2000,1000,15,100,9,9,9,9,100,100,3,0,0,0,0,0,0,0,0,0,0,0
"218",1000,0.2,0.9,1,80,2000,1000,18,50,9,9,9,9,9,9,9,9,9,9,9,9,0,0,0,0,0,0
"219",1000,0.2,0.9,1,90,2000,1000,17,76,9,9,9,9,9,100,100,3,0,0,0,0,0,0,0,0,0,0
"220",1000,0.2,0.9,1,100,2000,1000,18,9,9,9,76,5,5,100,100,3,0,0,0,0,0,0,0,0,0,0
"221",1000,0.2,1,1,10,2000,1000,17,9,9,100,100,3,0,0,0,0,0,0,0,0,0,0,0,0,0,0
"222",1000,0.2,1,1,20,2000,1000,13,90,9,9,100,100,3,0,0,0,0,0,0,0,0,0,0,0,0,0
"223",1000,0.2,1,1,30,2000,1000,18,83,9,9,9,9,83,4,4,100,100,3,0,0,0,0,0,0,0,0
"224",1000,0.2,1,1,40,2000,1000,16,100,9,9,9,9,100,100,3,0,0,0,0,0,0,0,0,0,0,0
"225",1000,0.2,1,1,50,2000,1000,14,34,9,9,9,100,4,4,100,100,3,0,0,0,0,0,0,0,0,0
"226",1000,0.2,1,1,60,2000,1000,14,62,9,9,9,9,9,9,9,100,4,4,100,100,3,0,0,0,0,0
"227",1000,0.2,1,1,70,2000,1000,18,58,9,9,9,100,4,4,100,100,3,0,0,0,0,0,0,0,0,0
"228",1000,0.2,1,1,80,2000,1000,15,50,9,9,9,100,100,3,0,0,0,0,0,0,0,0,0,0,0,0
"229",1000,0.2,1,1,90,2000,1000,13,100,9,9,9,9,100,100,3,0,0,0,0,0,0,0,0,0,0,0
"230",1000,0.2,1,0,100,2000,1000,18,9,100,9,9,9,62,9,9,9,50,4,9,100,9,9,58,9,9,9
"231",1000,0.3,0,1,10,2000,1000,17,20,20,9,9,9,9,100,100,9,0,0,0,0,0,0,0,0,0,0
"232",1000,0.3,0,1,20,2000,1000,15,23,23,9,9,9,100,100,9,0,0,0,0,0,0,0,0,0,0,0
"233",1000,0.3,0,1,30,2000,1000,13,71,9,9,9,9,9,71,9,9,9,9,9,100,100,9,0,0,0,0
"234",1000,0.3,0,1,40,2000,1000,18,37,37,9,9,0,0,0,0,0,0,0,0,0,0,0,0,0,0,0
"235",1000,0.3,0,1,50,2000,1000,14,9,76,9,9,9,9,83,9,9,9,9,100,100,9,0,0,0,0,0
"236",1000,0.3,0,1,60,2000,1000,14,31,31,9,9,0,0,0,0,0,0,0,0,0,0,0,0,0,0,0
"237",1000,0.3,0,1,70,2000,1000,18,9,9,100,100,9,0,0,0,0,0,0,0,0,0,0,0,0,0,0
"238",1000,0.3,0,1,80,2000,1000,17,58,9,9,9,9,9,9,9,0,0,0,0,0,0,0,0,0,0,0
"239",1000,0.3,0,1,90,2000,1000,14,83,9,9,9,9,100,100,9,0,0,0,0,0,0,0,0,0,0,0
"240",1000,0.3,0,1,100,2000,1000,16,62,9,9,9,9,9,9,100,100,9,0,0,0,0,0,0,0,0,0
"241",1000,0.3,0.1,1,10,2000,1000,15,9,100,9,9,9,9,9,100,100,7,0,0,0,0,0,0,0,0,0
"242",1000,0.3,0.1,1,20,2000,1000,18,52,9,9,9,9,9,9,0,0,0,0,0,0,0,0,0,0,0,0
"243",1000,0.3,0.1,1,30,2000,1000,14,27,27,8,9,9,9,0,0,0,0,0,0,0,0,0,0,0,0,0
"244",1000,0.3,0.1,0,40,2000,1000,17,9,90,9,9,9,9,76,8,9,9,83,8,9,9,90,8,9,9,100
"245",1000,0.3,0.1,1,50,2000,1000,16,9,100,9,9,9,100,100,7,0,0,0,0,0,0,0,0,0,0,0
"246",1000,0.3,0.1,1,60,2000,1000,20,9,9,100,100,7,0,0,0,0,0,0,0,0,0,0,0,0,0,0
"247",1000,0.3,0.1,1,70,2000,1000,15,14,14,100,8,8,8,100,100,7,0,0,0,0,0,0,0,0,0,0
"248",1000,0.3,0.1,1,80,2000,1000,18,58,9,9,9,9,9,9,9,9,0,0,0,0,0,0,0,0,0,0
"249",1000,0.3,0.1,1,90,2000,1000,21,9,9,100,100,7,0,0,0,0,0,0,0,0,0,0,0,0,0,0
"250",1000,0.3,0.1,1,100,2000,1000,19,45,9,9,9,9,9,9,9,9,9,0,0,0,0,0,0,0,0,0
"251",1000,0.3,0.2,1,10,2000,1000,20,12,100,100,7,0,0,0,0,0,0,0,0,0,0,0,0,0,0,0
"252",1000,0.3,0.2,1,20,2000,1000,17,29,29,7,9,0,0,0,0,0,0,0,0,0,0,0,0,0,0,0
"253",1000,0.3,0.2,1,30,2000,1000,20,58,9,9,9,100,100,6,0,0,0,0,0,0,0,0,0,0,0,0
"254",1000,0.3,0.2,1,40,2000,1000,18,76,9,9,9,9,9,100,100,5,0,0,0,0,0,0,0,0,0,0
"255",1000,0.3,0.2,1,50,2000,1000,17,34,9,9,9,100,100,6,0,0,0,0,0,0,0,0,0,0,0,0
"256",1000,0.3,0.2,1,60,2000,1000,16,9,9,76,7,7,7,100,100,5,0,0,0,0,0,0,0,0,0,0
"257",1000,0.3,0.2,1,70,2000,1000,16,9,100,9,9,9,9,100,100,5,0,0,0,0,0,0,0,0,0,0
"258",1000,0.3,0.2,1,80,2000,1000,14,9,9,100,100,6,0,0,0,0,0,0,0,0,0,0,0,0,0,0
"259",1000,0.3,0.2,1,90,2000,1000,14,55,9,9,9,9,9,9,9,9,0,0,0,0,0,0,0,0,0,0
"260",1000,0.3,0.2,1,100,2000,1000,16,50,9,9,9,9,9,9,9,9,0,0,0,0,0,0,0,0,0,0
"261",1000,0.3,0.4,1,10,2000,1000,14,83,9,9,9,9,9,9,0,0,0,0,0,0,0,0,0,0,0,0
"262",1000,0.3,0.4,1,10,2000,1000,14,29,29,6,9,9,9,0,0,0,0,0,0,0,0,0,0,0,0,0
"263",1000,0.3,0.4,1,20,2000,1000,20,9,9,9,100,100,4,9,0,0,0,0,0,0,0,0,0,0,0,0
"264",1000,0.3,0.4,1,20,2000,1000,19,9,100,9,9,9,100,100,5,0,0,0,0,0,0,0,0,0,0,0
"265",1000,0.3,0.4,1,30,2000,1000,15,32,9,9,9,9,9,100,100,4,0,0,0,0,0,0,0,0,0,0
"266",1000,0.3,0.4,1,30,2000,1000,18,9,90,9,9,9,9,100,100,4,0,0,0,0,0,0,0,0,0,0
"267",1000,0.3,0.4,1,40,2000,1000,17,83,9,9,9,9,100,100,5,0,0,0,0,0,0,0,0,0,0,0
"268",1000,0.3,0.4,1,40,2000,1000,15,19,100,9,9,9,76,6,6,6,100,100,4,0,0,0,0,0,0,0
"269",1000,0.3,0.4,1,50,2000,1000,15,9,100,100,6,0,0,0,0,0,0,0,0,0,0,0,0,0,0,0
"270",1000,0.3,0.4,1,50,2000,1000,18,9,100,9,9,9,9,100,100,5,0,0,0,0,0,0,0,0,0,0
"271",1000,0.3,0.4,1,60,2000,1000,16,9,100,100,6,0,0,0,0,0,0,0,0,0,0,0,0,0,0,0
"272",1000,0.3,0.4,1,60,2000,1000,19,62,9,9,9,9,9,9,100,100,4,0,0,0,0,0,0,0,0,0
"273",1000,0.3,0.4,1,70,2000,1000,15,25,100,9,9,9,9,100,100,4,0,0,0,0,0,0,0,0,0,0
"274",1000,0.3,0.4,1,70,2000,1000,16,9,9,100,100,5,0,0,0,0,0,0,0,0,0,0,0,0,0,0
"275",1000,0.3,0.4,1,80,2000,1000,17,9,100,9,9,71,6,6,76,6,6,90,6,6,100,100,5,0,0,0
"276",1000,0.3,0.4,1,80,2000,1000,14,76,9,9,9,100,100,4,0,0,0,0,0,0,0,0,0,0,0,0
"277",1000,0.3,0.4,1,90,2000,1000,16,50,9,9,9,9,9,9,0,0,0,0,0,0,0,0,0,0,0,0
"278",1000,0.3,0.4,1,90,2000,1000,18,71,9,9,9,9,9,100,100,5,0,0,0,0,0,0,0,0,0,0
"279",1000,0.3,0.4,1,100,2000,1000,17,14,71,9,9,9,9,9,9,9,100,100,4,0,0,0,0,0,0,0
"280",1000,0.3,0.4,1,100,2000,1000,15,52,9,9,9,9,9,9,9,0,0,0,0,0,0,0,0,0,0,0
"281",1000,0.3,0.5,1,10,2000,1000,15,41,41,6,9,9,9,0,0,0,0,0,0,0,0,0,0,0,0,0
"282",1000,0.3,0.5,1,20,2000,1000,16,9,9,9,83,6,6,100,100,4,0,0,0,0,0,0,0,0,0,0
"283",1000,0.3,0.5,1,30,2000,1000,16,90,9,9,9,9,100,100,4,0,0,0,0,0,0,0,0,0,0,0
"284",1000,0.3,0.5,1,40,2000,1000,18,12,100,9,9,9,9,100,100,3,0,0,0,0,0,0,0,0,0,0
"285",1000,0.3,0.5,1,50,2000,1000,17,71,9,9,9,9,9,9,9,0,0,0,0,0,0,0,0,0,0,0
"286",1000,0.3,0.5,1,60,2000,1000,19,58,9,9,9,9,9,9,9,9,9,9,9,9,0,0,0,0,0,0
"287",1000,0.3,0.5,1,70,2000,1000,12,55,9,9,9,9,9,0,0,0,0,0,0,0,0,0,0,0,0,0
"288",1000,0.3,0.5,1,80,2000,1000,16,41,41,6,9,9,9,9,0,0,0,0,0,0,0,0,0,0,0,0
"289",1000,0.3,0.5,1,90,2000,1000,15,100,9,9,9,9,100,100,3,0,0,0,0,0,0,0,0,0,0,0
"290",1000,0.3,0.5,1,100,2000,1000,18,9,9,100,6,6,76,6,6,100,100,4,0,0,0,0,0,0,0,0
"291",1000,0.3,0.6,1,10,2000,1000,17,62,9,9,9,9,9,9,100,100,3,0,0,0,0,0,0,0,0,0
"292",1000,0.3,0.6,1,20,2000,1000,17,17,17,100,100,4,0,0,0,0,0,0,0,0,0,0,0,0,0,0
"293",1000,0.3,0.6,1,30,2000,1000,15,9,9,100,100,4,0,0,0,0,0,0,0,0,0,0,0,0,0,0
"294",1000,0.3,0.6,1,40,2000,1000,16,9,100,100,5,0,0,0,0,0,0,0,0,0,0,0,0,0,0,0
"295",1000,0.3,0.6,1,50,2000,1000,19,33,9,9,9,100,100,3,0,0,0,0,0,0,0,0,0,0,0,0
"296",1000,0.3,0.6,1,60,2000,1000,16,17,17,100,5,5,100,100,4,0,0,0,0,0,0,0,0,0,0,0
"297",1000,0.3,0.6,1,70,2000,1000,14,9,9,100,100,4,0,0,0,0,0,0,0,0,0,0,0,0,0,0
"298",1000,0.3,0.6,1,80,2000,1000,18,9,9,100,100,4,0,0,0,0,0,0,0,0,0,0,0,0,0,0
"299",1000,0.3,0.6,1,90,2000,1000,16,71,9,9,9,9,9,9,100,100,3,0,0,0,0,0,0,0,0,0
"300",1000,0.3,0.6,1,100,2000,1000,18,43,9,9,9,9,9,9,9,100,100,4,0,0,0,0,0,0,0,0
"301",1000,0.3,0.7,1,10,2000,1000,16,50,9,9,100,5,5,100,100,4,0,0,0,0,0,0,0,0,0,0
"302",1000,0.3,0.7,1,20,2000,1000,18,9,9,100,100,4,0,0,0,0,0,0,0,0,0,0,0,0,0,0
"303",1000,0.3,0.7,1,30,2000,1000,19,9,9,100,100,4,0,0,0,0,0,0,0,0,0,0,0,0,0,0
"304",1000,0.3,0.7,1,40,2000,1000,16,9,90,9,9,9,9,100,100,3,0,0,0,0,0,0,0,0,0,0
"305",1000,0.3,0.7,1,50,2000,1000,18,9,9,100,100,4,0,0,0,0,0,0,0,0,0,0,0,0,0,0
"306",1000,0.3,0.7,1,60,2000,1000,14,41,9,9,9,9,9,76,5,5,100,100,4,0,0,0,0,0,0,0
"307",1000,0.3,0.7,1,70,2000,1000,15,55,9,9,9,9,9,9,9,100,100,3,0,0,0,0,0,0,0,0
"308",1000,0.3,0.7,1,80,2000,1000,16,100,9,9,90,90,4,0,0,0,0,0,0,0,0,0,0,0,0,0
"309",1000,0.3,0.7,1,90,2000,1000,16,9,9,100,5,5,100,100,4,0,0,0,0,0,0,0,0,0,0,0
"310",1000,0.3,0.7,1,100,2000,1000,17,21,21,21,4,4,100,100,4,0,0,0,0,0,0,0,0,0,0,0
"311",1000,0.3,0.8,1,10,2000,1000,12,83,9,9,9,9,9,100,100,2,0,0,0,0,0,0,0,0,0,0
"312",1000,0.3,0.8,1,20,2000,1000,17,9,9,9,100,100,2,0,0,0,0,0,0,0,0,0,0,0,0,0
"313",1000,0.3,0.8,1,30,2000,1000,16,55,9,9,9,9,9,9,100,100,3,0,0,0,0,0,0,0,0,0
"314",1000,0.3,0.8,1,40,2000,1000,20,50,9,9,9,9,9,9,9,9,9,9,0,0,0,0,0,0,0,0
"315",1000,0.3,0.8,1,50,2000,1000,14,45,9,9,9,9,9,9,9,0,0,0,0,0,0,0,0,0,0,0
"316",1000,0.3,0.8,1,60,2000,1000,16,37,9,9,9,90,90,3,0,0,0,0,0,0,0,0,0,0,0,0
"317",1000,0.3,0.8,1,70,2000,1000,18,9,9,100,100,3,0,0,0,0,0,0,0,0,0,0,0,0,0,0
"318",1000,0.3,0.8,1,80,2000,1000,18,76,9,9,9,9,9,100,100,2,0,0,0,0,0,0,0,0,0,0
"319",1000,0.3,0.8,1,90,2000,1000,22,9,9,9,100,100,2,0,0,0,0,0,0,0,0,0,0,0,0,0
"320",1000,0.3,0.8,1,100,2000,1000,16,62,9,9,9,9,9,9,9,9,9,9,9,9,0,0,0,0,0,0
"321",1000,0.3,0.9,1,10,2000,1000,15,14,14,100,5,5,100,100,3,0,0,0,0,0,0,0,0,0,0,0
"322",1000,0.3,0.9,1,20,2000,1000,15,9,100,9,9,9,9,100,100,2,0,0,0,0,0,0,0,0,0,0
"323",1000,0.3,0.9,1,30,2000,1000,17,9,9,9,76,5,5,100,100,3,0,0,0,0,0,0,0,0,0,0
"324",1000,0.3,0.9,1,40,2000,1000,16,9,9,9,100,100,2,0,0,0,0,0,0,0,0,0,0,0,0,0
"325",1000,0.3,0.9,1,50,2000,1000,15,58,9,9,9,9,100,100,2,0,0,0,0,0,0,0,0,0,0,0
"326",1000,0.3,0.9,1,60,2000,1000,17,12,76,9,9,9,9,9,100,100,2,0,0,0,0,0,0,0,0,0
"327",1000,0.3,0.9,1,70,2000,1000,17,83,9,9,9,9,9,100,100,2,0,0,0,0,0,0,0,0,0,0
"328",1000,0.3,0.9,1,80,2000,1000,20,9,76,9,9,9,9,9,100,100,2,0,0,0,0,0,0,0,0,0
"329",1000,0.3,0.9,1,90,2000,1000,17,45,9,9,9,9,9,9,9,9,9,9,0,0,0,0,0,0,0,0
"330",1000,0.3,0.9,1,100,2000,1000,16,71,9,9,9,9,9,100,100,3,0,0,0,0,0,0,0,0,0,0
"331",1000,0.3,1,1,10,2000,1000,14,33,9,9,90,4,4,100,100,3,0,0,0,0,0,0,0,0,0,0
"332",1000,0.3,1,1,20,2000,1000,15,83,9,9,9,9,90,4,4,100,100,3,0,0,0,0,0,0,0,0
"333",1000,0.3,1,1,30,2000,1000,15,100,9,9,9,9,100,100,2,0,0,0,0,0,0,0,0,0,0,0
"334",1000,0.3,1,1,40,2000,1000,17,83,9,9,9,9,100,100,3,0,0,0,0,0,0,0,0,0,0,0
"335",1000,0.3,1,1,50,2000,1000,21,32,9,9,9,100,100,2,0,0,0,0,0,0,0,0,0,0,0,0
"336",1000,0.3,1,1,60,2000,1000,17,19,19,19,19,66,2,2,100,100,3,0,0,0,0,0,0,0,0,0
"337",1000,0.3,1,1,70,2000,1000,16,55,9,9,9,9,9,9,100,100,3,0,0,0,0,0,0,0,0,0
"338",1000,0.3,1,1,80,2000,1000,14,33,9,9,9,9,9,9,9,9,9,9,0,0,0,0,0,0,0,0
"339",1000,0.3,1,1,90,2000,1000,12,100,9,9,9,9,100,100,2,0,0,0,0,0,0,0,0,0,0,0
"340",1000,0.3,1,1,100,2000,1000,19,66,9,9,9,9,9,100,100,2,0,0,0,0,0,0,0,0,0,0
"341",1000,0.4,0,1,10,2000,1000,17,58,9,9,9,9,9,9,9,100,100,9,0,0,0,0,0,0,0,0
"342",1000,0.4,0,1,20,2000,1000,14,9,9,100,100,9,0,0,0,0,0,0,0,0,0,0,0,0,0,0
"343",1000,0.4,0,1,30,2000,1000,20,9,9,9,9,9,100,100,9,0,0,0,0,0,0,0,0,0,0,0
"344",1000,0.4,0,1,40,2000,1000,19,9,9,9,100,100,9,0,0,0,0,0,0,0,0,0,0,0,0,0
"345",1000,0.4,0,1,50,2000,1000,21,9,9,100,100,9,0,0,0,0,0,0,0,0,0,0,0,0,0,0
"346",1000,0.4,0,1,60,2000,1000,15,9,9,9,100,100,9,0,0,0,0,0,0,0,0,0,0,0,0,0
"347",1000,0.4,0,1,70,2000,1000,20,9,9,100,100,9,0,0,0,0,0,0,0,0,0,0,0,0,0,0
"348",1000,0.4,0,1,80,2000,1000,14,22,22,22,9,9,9,9,100,100,9,0,0,0,0,0,0,0,0,0
"349",1000,0.4,0,1,90,2000,1000,16,9,9,100,100,9,0,0,0,0,0,0,0,0,0,0,0,0,0,0
"350",1000,0.4,0,1,100,2000,1000,14,37,9,9,9,9,9,100,100,9,0,0,0,0,0,0,0,0,0,0
"351",1000,0.4,0.1,1,10,2000,1000,14,90,90,8,0,0,0,0,0,0,0,0,0,0,0,0,0,0,0,0
"352",1000,0.4,0.1,1,20,2000,1000,16,9,9,9,100,100,7,0,0,0,0,0,0,0,0,0,0,0,0,0
"353",1000,0.4,0.1,1,30,2000,1000,20,9,9,100,100,7,0,0,0,0,0,0,0,0,0,0,0,0,0,0
"354",1000,0.4,0.1,1,40,2000,1000,15,55,9,9,9,9,9,9,9,9,0,0,0,0,0,0,0,0,0,0
"355",1000,0.4,0.1,1,50,2000,1000,13,13,13,100,100,7,0,0,0,0,0,0,0,0,0,0,0,0,0,0
"356",1000,0.4,0.1,1,60,2000,1000,14,100,100,8,0,0,0,0,0,0,0,0,0,0,0,0,0,0,0,0
"357",1000,0.4,0.1,1,70,2000,1000,15,9,9,100,100,7,0,0,0,0,0,0,0,0,0,0,0,0,0,0
"358",1000,0.4,0.1,1,80,2000,1000,17,9,9,100,100,7,0,0,0,0,0,0,0,0,0,0,0,0,0,0
"359",1000,0.4,0.1,1,90,2000,1000,17,9,9,9,100,100,7,0,0,0,0,0,0,0,0,0,0,0,0,0
"360",1000,0.4,0.1,1,100,2000,1000,16,18,18,100,100,7,0,0,0,0,0,0,0,0,0,0,0,0,0,0
"361",1000,0.4,0.2,1,10,2000,1000,26,9,9,9,100,100,5,0,0,0,0,0,0,0,0,0,0,0,0,0
"362",1000,0.4,0.2,1,20,2000,1000,14,66,9,9,9,9,9,100,100,5,0,0,0,0,0,0,0,0,0,0
"363",1000,0.4,0.2,1,30,2000,1000,21,9,9,100,100,6,0,0,0,0,0,0,0,0,0,0,0,0,0,0
"364",1000,0.4,0.2,1,40,2000,1000,17,9,9,100,100,6,0,0,0,0,0,0,0,0,0,0,0,0,0,0
"365",1000,0.4,0.2,1,50,2000,1000,20,9,100,100,7,0,0,0,0,0,0,0,0,0,0,0,0,0,0,0
"366",1000,0.4,0.2,1,60,2000,1000,17,9,100,100,7,0,0,0,0,0,0,0,0,0,0,0,0,0,0,0
"367",1000,0.4,0.2,1,70,2000,1000,16,11,11,100,100,6,0,0,0,0,0,0,0,0,0,0,0,0,0,0
"368",1000,0.4,0.2,1,80,2000,1000,14,26,26,7,9,9,9,9,9,0,0,0,0,0,0,0,0,0,0,0
"369",1000,0.4,0.2,1,90,2000,1000,14,41,41,7,9,9,9,0,0,0,0,0,0,0,0,0,0,0,0,0
"370",1000,0.4,0.2,1,100,2000,1000,16,31,31,7,9,0,0,0,0,0,0,0,0,0,0,0,0,0,0,0
"371",1000,0.4,0.3,1,10,2000,1000,18,9,9,100,100,5,0,0,0,0,0,0,0,0,0,0,0,0,0,0
"372",1000,0.4,0.3,1,20,2000,1000,22,9,9,9,100,100,5,9,0,0,0,0,0,0,0,0,0,0,0,0
"373",1000,0.4,0.3,1,30,2000,1000,17,9,9,9,9,100,100,5,0,0,0,0,0,0,0,0,0,0,0,0
"374",1000,0.4,0.3,1,40,2000,1000,14,58,9,9,9,9,9,9,9,9,0,0,0,0,0,0,0,0,0,0
"375",1000,0.4,0.3,1,50,2000,1000,20,50,9,9,9,9,9,9,9,9,0,0,0,0,0,0,0,0,0,0
"376",1000,0.4,0.3,1,60,2000,1000,15,100,100,7,0,0,0,0,0,0,0,0,0,0,0,0,0,0,0,0
"377",1000,0.4,0.3,1,70,2000,1000,18,9,9,100,100,5,9,0,0,0,0,0,0,0,0,0,0,0,0,0
"378",1000,0.4,0.3,1,80,2000,1000,19,9,9,9,9,9,100,100,4,0,0,0,0,0,0,0,0,0,0,0
"379",1000,0.4,0.3,1,90,2000,1000,20,9,9,100,100,5,0,0,0,0,0,0,0,0,0,0,0,0,0,0
"380",1000,0.4,0.3,1,100,2000,1000,19,62,9,9,9,9,9,9,9,9,9,9,0,0,0,0,0,0,0,0
"381",1000,0.4,0.4,1,10,2000,1000,16,25,25,6,9,9,9,100,100,4,0,0,0,0,0,0,0,0,0,0
"382",1000,0.4,0.4,1,20,2000,1000,11,9,100,100,6,0,0,0,0,0,0,0,0,0,0,0,0,0,0,0
"383",1000,0.4,0.4,1,30,2000,1000,13,9,9,100,100,5,0,0,0,0,0,0,0,0,0,0,0,0,0,0
"384",1000,0.4,0.4,1,40,2000,1000,18,71,9,9,9,9,100,100,4,0,0,0,0,0,0,0,0,0,0,0
"385",1000,0.4,0.4,1,50,2000,1000,16,23,23,23,5,9,9,9,0,0,0,0,0,0,0,0,0,0,0,0
"386",1000,0.4,0.4,1,60,2000,1000,18,9,9,100,100,5,0,0,0,0,0,0,0,0,0,0,0,0,0,0
"387",1000,0.4,0.4,1,70,2000,1000,14,14,14,100,100,5,0,0,0,0,0,0,0,0,0,0,0,0,0,0
"388",1000,0.4,0.4,1,80,2000,1000,16,50,9,9,9,9,9,9,0,0,0,0,0,0,0,0,0,0,0,0
"389",1000,0.4,0.4,1,90,2000,1000,18,11,11,100,100,5,0,0,0,0,0,0,0,0,0,0,0,0,0,0
"390",1000,0.4,0.4,1,100,2000,1000,14,71,9,9,9,9,9,9,9,100,100,3,0,0,0,0,0,0,0,0
"391",1000,0.4,0.5,1,10,2000,1000,15,58,9,9,9,100,100,4,0,0,0,0,0,0,0,0,0,0,0,0
"392",1000,0.4,0.5,1,20,2000,1000,20,9,9,9,100,100,3,0,0,0,0,0,0,0,0,0,0,0,0,0
"393",1000,0.4,0.5,1,30,2000,1000,17,17,17,17,17,17,17,17,76,76,2,9,0,0,0,0,0,0,0,0
"394",1000,0.4,0.5,1,40,2000,1000,14,14,100,100,6,0,0,0,0,0,0,0,0,0,0,0,0,0,0,0
"395",1000,0.4,0.5,1,50,2000,1000,16,83,83,6,0,0,0,0,0,0,0,0,0,0,0,0,0,0,0,0
"396",1000,0.4,0.5,1,60,2000,1000,14,9,9,100,100,4,0,0,0,0,0,0,0,0,0,0,0,0,0,0
"397",1000,0.4,0.5,1,70,2000,1000,17,62,9,9,9,9,9,9,9,9,9,100,100,3,0,0,0,0,0,0
"398",1000,0.4,0.5,1,80,2000,1000,19,9,9,100,100,4,9,0,0,0,0,0,0,0,0,0,0,0,0,0
"399",1000,0.4,0.5,1,90,2000,1000,16,23,23,23,23,23,23,23,23,2,2,100,100,4,9,0,0,0,0,0
"400",1000,0.4,0.5,1,100,2000,1000,18,9,100,100,6,0,0,0,0,0,0,0,0,0,0,0,0,0,0,0
"401",1000,0.4,0.6,1,10,2000,1000,15,32,32,5,9,0,0,0,0,0,0,0,0,0,0,0,0,0,0,0
"402",1000,0.4,0.6,1,20,2000,1000,18,9,100,100,5,0,0,0,0,0,0,0,0,0,0,0,0,0,0,0
"403",1000,0.4,0.6,1,30,2000,1000,18,9,9,9,9,100,100,2,0,0,0,0,0,0,0,0,0,0,0,0
"404",1000,0.4,0.6,1,40,2000,1000,19,66,9,9,9,9,9,9,9,9,100,100,3,0,0,0,0,0,0,0
"405",1000,0.4,0.6,1,50,2000,1000,15,10,10,100,100,4,0,0,0,0,0,0,0,0,0,0,0,0,0,0
"406",1000,0.4,0.6,1,60,2000,1000,14,9,9,100,100,4,0,0,0,0,0,0,0,0,0,0,0,0,0,0
"407",1000,0.4,0.6,1,70,2000,1000,15,100,100,5,0,0,0,0,0,0,0,0,0,0,0,0,0,0,0,0
"408",1000,0.4,0.6,1,80,2000,1000,18,71,9,9,9,9,9,100,100,3,0,0,0,0,0,0,0,0,0,0
"409",1000,0.4,0.6,1,90,2000,1000,14,9,100,100,5,0,0,0,0,0,0,0,0,0,0,0,0,0,0,0
"410",1000,0.4,0.6,1,100,2000,1000,15,9,100,100,5,0,0,0,0,0,0,0,0,0,0,0,0,0,0,0
"411",1000,0.4,0.7,1,10,2000,1000,17,34,34,34,34,3,9,9,9,9,100,100,3,0,0,0,0,0,0,0
"412",1000,0.4,0.7,1,20,2000,1000,16,29,29,29,4,9,9,9,0,0,0,0,0,0,0,0,0,0,0,0
"413",1000,0.4,0.7,1,30,2000,1000,16,9,9,9,100,100,3,0,0,0,0,0,0,0,0,0,0,0,0,0
"414",1000,0.4,0.7,1,40,2000,1000,11,58,9,9,9,9,9,9,9,100,100,3,0,0,0,0,0,0,0,0
"415",1000,0.4,0.7,1,50,2000,1000,17,9,100,100,5,0,0,0,0,0,0,0,0,0,0,0,0,0,0,0
"416",1000,0.4,0.7,1,60,2000,1000,16,11,11,100,100,4,9,0,0,0,0,0,0,0,0,0,0,0,0,0
"417",1000,0.4,0.7,1,70,2000,1000,14,31,31,5,9,9,9,0,0,0,0,0,0,0,0,0,0,0,0,0
"418",1000,0.4,0.7,1,80,2000,1000,15,23,100,100,5,0,0,0,0,0,0,0,0,0,0,0,0,0,0,0
"419",1000,0.4,0.7,1,90,2000,1000,14,35,35,5,9,9,9,0,0,0,0,0,0,0,0,0,0,0,0,0
"420",1000,0.4,0.7,1,100,2000,1000,15,25,25,100,100,4,0,0,0,0,0,0,0,0,0,0,0,0,0,0
"421",1000,0.4,0.8,1,10,2000,1000,16,14,14,100,100,3,0,0,0,0,0,0,0,0,0,0,0,0,0,0
"422",1000,0.4,0.8,1,20,2000,1000,15,71,9,9,9,9,100,100,2,0,0,0,0,0,0,0,0,0,0,0
"423",1000,0.4,0.8,1,30,2000,1000,19,71,9,9,9,9,9,9,50,50,2,9,9,9,9,0,0,0,0,0
"424",1000,0.4,0.8,1,40,2000,1000,16,50,50,5,9,9,9,0,0,0,0,0,0,0,0,0,0,0,0,0
"425",1000,0.4,0.8,1,50,2000,1000,16,100,100,5,0,0,0,0,0,0,0,0,0,0,0,0,0,0,0,0
"426",1000,0.4,0.8,1,60,2000,1000,16,20,20,20,20,20,2,9,9,9,100,100,2,0,0,0,0,0,0,0
"427",1000,0.4,0.8,1,70,2000,1000,17,17,17,17,17,17,17,2,2,100,100,3,0,0,0,0,0,0,0,0
"428",1000,0.4,0.8,1,80,2000,1000,18,9,100,100,5,0,0,0,0,0,0,0,0,0,0,0,0,0,0,0
"429",1000,0.4,0.8,1,90,2000,1000,13,66,9,9,9,9,100,100,2,0,0,0,0,0,0,0,0,0,0,0
"430",1000,0.4,0.8,1,100,2000,1000,14,9,9,100,100,3,0,0,0,0,0,0,0,0,0,0,0,0,0,0
"431",1000,0.4,0.9,1,10,2000,1000,20,9,9,100,100,3,0,0,0,0,0,0,0,0,0,0,0,0,0,0
"432",1000,0.4,0.9,1,20,2000,1000,17,9,9,100,100,3,9,0,0,0,0,0,0,0,0,0,0,0,0,0
"433",1000,0.4,0.9,1,30,2000,1000,16,9,9,100,100,3,0,0,0,0,0,0,0,0,0,0,0,0,0,0
"434",1000,0.4,0.9,1,40,2000,1000,15,62,9,9,9,9,9,9,9,9,9,9,0,0,0,0,0,0,0,0
"435",1000,0.4,0.9,1,50,2000,1000,18,9,9,100,100,3,0,0,0,0,0,0,0,0,0,0,0,0,0,0
"436",1000,0.4,0.9,1,60,2000,1000,15,9,9,100,100,3,0,0,0,0,0,0,0,0,0,0,0,0,0,0
"437",1000,0.4,0.9,1,70,2000,1000,16,100,100,5,0,0,0,0,0,0,0,0,0,0,0,0,0,0,0,0
"438",1000,0.4,0.9,1,80,2000,1000,20,9,9,100,100,3,0,0,0,0,0,0,0,0,0,0,0,0,0,0
"439",1000,0.4,0.9,1,90,2000,1000,15,34,34,5,9,9,9,0,0,0,0,0,0,0,0,0,0,0,0,0
"440",1000,0.4,0.9,1,100,2000,1000,14,9,9,100,100,3,0,0,0,0,0,0,0,0,0,0,0,0,0,0
"441",1000,0.4,1,1,10,2000,1000,19,9,100,100,4,0,0,0,0,0,0,0,0,0,0,0,0,0,0,0
"442",1000,0.4,1,1,20,2000,1000,14,9,9,100,100,3,0,0,0,0,0,0,0,0,0,0,0,0,0,0
"443",1000,0.4,1,1,30,2000,1000,15,76,76,4,0,0,0,0,0,0,0,0,0,0,0,0,0,0,0,0
"444",1000,0.4,1,1,40,2000,1000,16,9,9,100,100,3,0,0,0,0,0,0,0,0,0,0,0,0,0,0
"445",1000,0.4,1,1,50,2000,1000,20,9,9,100,100,3,0,0,0,0,0,0,0,0,0,0,0,0,0,0
"446",1000,0.4,1,1,60,2000,1000,18,9,9,100,100,3,0,0,0,0,0,0,0,0,0,0,0,0,0,0
"447",1000,0.4,1,1,70,2000,1000,18,76,9,9,9,9,9,9,9,9,9,9,23,100,100,2,0,0,0,0
"448",1000,0.4,1,1,80,2000,1000,16,90,90,4,0,0,0,0,0,0,0,0,0,0,0,0,0,0,0,0
"449",1000,0.4,1,1,90,2000,1000,14,20,100,100,4,0,0,0,0,0,0,0,0,0,0,0,0,0,0,0
"450",1000,0.4,1,1,100,2000,1000,14,43,9,9,9,9,9,0,0,0,0,0,0,0,0,0,0,0,0,0
"451",1000,0.5,0,1,10,2000,1000,13,90,90,9,0,0,0,0,0,0,0,0,0,0,0,0,0,0,0,0
"452",1000,0.5,0,1,20,2000,1000,14,83,83,9,0,0,0,0,0,0,0,0,0,0,0,0,0,0,0,0
"453",1000,0.5,0,1,30,2000,1000,14,29,29,9,9,9,0,0,0,0,0,0,0,0,0,0,0,0,0,0
"454",1000,0.5,0,1,40,2000,1000,14,100,100,9,0,0,0,0,0,0,0,0,0,0,0,0,0,0,0,0
"455",1000,0.5,0,1,50,2000,1000,15,9,100,100,9,0,0,0,0,0,0,0,0,0,0,0,0,0,0,0
"456",1000,0.5,0,1,60,2000,1000,16,76,76,9,0,0,0,0,0,0,0,0,0,0,0,0,0,0,0,0
"457",1000,0.5,0,1,70,2000,1000,16,23,23,9,9,9,9,9,0,0,0,0,0,0,0,0,0,0,0,0
"458",1000,0.5,0,1,80,2000,1000,14,100,100,9,0,0,0,0,0,0,0,0,0,0,0,0,0,0,0,0
"459",1000,0.5,0,1,90,2000,1000,15,9,9,9,100,100,9,0,0,0,0,0,0,0,0,0,0,0,0,0
"460",1000,0.5,0,1,100,2000,1000,14,66,66,9,0,0,0,0,0,0,0,0,0,0,0,0,0,0,0,0
"461",1000,0.5,0.1,1,10,2000,1000,16,38,38,8,9,0,0,0,0,0,0,0,0,0,0,0,0,0,0,0
"462",1000,0.5,0.1,1,20,2000,1000,13,9,9,100,100,7,0,0,0,0,0,0,0,0,0,0,0,0,0,0
"463",1000,0.5,0.1,1,30,2000,1000,16,15,15,100,100,7,0,0,0,0,0,0,0,0,0,0,0,0,0,0
"464",1000,0.5,0.1,1,40,2000,1000,14,100,100,8,0,0,0,0,0,0,0,0,0,0,0,0,0,0,0,0
"465",1000,0.5,0.1,1,50,2000,1000,14,13,13,100,100,7,0,0,0,0,0,0,0,0,0,0,0,0,0,0
"466",1000,0.5,0.1,1,60,2000,1000,18,66,66,8,0,0,0,0,0,0,0,0,0,0,0,0,0,0,0,0
"467",1000,0.5,0.1,1,70,2000,1000,16,14,14,100,100,7,0,0,0,0,0,0,0,0,0,0,0,0,0,0
"468",1000,0.5,0.1,1,80,2000,1000,16,20,20,20,20,20,6,9,9,9,0,0,0,0,0,0,0,0,0,0
"469",1000,0.5,0.1,1,90,2000,1000,17,62,62,8,0,0,0,0,0,0,0,0,0,0,0,0,0,0,0,0
"470",1000,0.5,0.1,1,100,2000,1000,17,9,9,100,100,7,0,0,0,0,0,0,0,0,0,0,0,0,0,0
"471",1000,0.5,0.2,1,10,2000,1000,21,9,9,9,9,9,100,100,5,0,0,0,0,0,0,0,0,0,0,0
"472",1000,0.5,0.2,1,20,2000,1000,17,30,30,7,9,9,9,0,0,0,0,0,0,0,0,0,0,0,0,0
"473",1000,0.5,0.2,1,30,2000,1000,19,9,100,100,7,0,0,0,0,0,0,0,0,0,0,0,0,0,0,0
"474",1000,0.5,0.2,1,40,2000,1000,16,9,9,9,100,100,5,0,0,0,0,0,0,0,0,0,0,0,0,0
"475",1000,0.5,0.2,1,50,2000,1000,15,9,9,9,100,100,5,0,0,0,0,0,0,0,0,0,0,0,0,0
"476",1000,0.5,0.2,1,60,2000,1000,15,21,21,21,21,5,9,9,9,0,0,0,0,0,0,0,0,0,0,0
"477",1000,0.5,0.2,1,70,2000,1000,17,83,83,7,0,0,0,0,0,0,0,0,0,0,0,0,0,0,0,0
"478",1000,0.5,0.2,1,80,2000,1000,13,15,15,100,100,6,0,0,0,0,0,0,0,0,0,0,0,0,0,0
"479",1000,0.5,0.2,1,90,2000,1000,17,83,83,7,0,0,0,0,0,0,0,0,0,0,0,0,0,0,0,0
"480",1000,0.5,0.2,1,100,2000,1000,17,9,9,100,100,6,0,0,0,0,0,0,0,0,0,0,0,0,0,0
"481",1000,0.5,0.3,1,10,2000,1000,17,9,9,100,100,5,0,0,0,0,0,0,0,0,0,0,0,0,0,0
"482",1000,0.5,0.3,1,20,2000,1000,15,76,76,7,0,0,0,0,0,0,0,0,0,0,0,0,0,0,0,0
"483",1000,0.5,0.3,1,30,2000,1000,17,9,9,9,100,100,5,0,0,0,0,0,0,0,0,0,0,0,0,0
"484",1000,0.5,0.3,1,40,2000,1000,19,9,9,9,9,9,100,100,3,0,0,0,0,0,0,0,0,0,0,0
"485",1000,0.5,0.3,1,50,2000,1000,14,35,35,35,5,9,9,9,9,0,0,0,0,0,0,0,0,0,0,0
"486",1000,0.5,0.3,1,60,2000,1000,16,9,9,100,100,5,0,0,0,0,0,0,0,0,0,0,0,0,0,0
"487",1000,0.5,0.3,1,70,2000,1000,14,100,100,7,0,0,0,0,0,0,0,0,0,0,0,0,0,0,0,0
"488",1000,0.5,0.3,1,80,2000,1000,15,33,33,7,9,9,9,0,0,0,0,0,0,0,0,0,0,0,0,0
"489",1000,0.5,0.3,1,90,2000,1000,20,9,9,9,100,100,5,0,0,0,0,0,0,0,0,0,0,0,0,0
"490",1000,0.5,0.3,1,100,2000,1000,14,30,30,30,5,9,9,9,9,0,0,0,0,0,0,0,0,0,0,0
"491",1000,0.5,0.4,1,10,2000,1000,17,9,9,9,100,100,4,0,0,0,0,0,0,0,0,0,0,0,0,0
"492",1000,0.5,0.4,1,20,2000,1000,20,9,9,100,100,5,0,0,0,0,0,0,0,0,0,0,0,0,0,0
"493",1000,0.5,0.4,1,30,2000,1000,15,83,83,6,0,0,0,0,0,0,0,0,0,0,0,0,0,0,0,0
"494",1000,0.5,0.4,1,40,2000,1000,16,38,38,6,9,0,0,0,0,0,0,0,0,0,0,0,0,0,0,0
"495",1000,0.5,0.4,1,50,2000,1000,19,9,9,100,100,5,0,0,0,0,0,0,0,0,0,0,0,0,0,0
"496",1000,0.5,0.4,1,60,2000,1000,18,9,100,100,6,0,0,0,0,0,0,0,0,0,0,0,0,0,0,0
"497",1000,0.5,0.4,1,70,2000,1000,15,100,100,6,0,0,0,0,0,0,0,0,0,0,0,0,0,0,0,0
"498",1000,0.5,0.4,1,80,2000,1000,16,83,83,6,0,0,0,0,0,0,0,0,0,0,0,0,0,0,0,0
"499",1000,0.5,0.4,1,90,2000,1000,16,90,90,6,0,0,0,0,0,0,0,0,0,0,0,0,0,0,0,0
"500",1000,0.5,0.4,1,100,2000,1000,16,9,9,9,100,100,4,0,0,0,0,0,0,0,0,0,0,0,0,0
"501",1000,0.5,0.5,1,10,2000,1000,14,66,66,6,0,0,0,0,0,0,0,0,0,0,0,0,0,0,0,0
"502",1000,0.5,0.5,1,20,2000,1000,15,43,43,6,9,0,0,0,0,0,0,0,0,0,0,0,0,0,0,0
"503",1000,0.5,0.5,1,30,2000,1000,21,9,9,100,100,4,0,0,0,0,0,0,0,0,0,0,0,0,0,0
"504",1000,0.5,0.5,1,40,2000,1000,16,9,9,9,100,100,3,0,0,0,0,0,0,0,0,0,0,0,0,0
"505",1000,0.5,0.5,1,50,2000,1000,19,66,66,6,0,0,0,0,0,0,0,0,0,0,0,0,0,0,0,0
"506",1000,0.5,0.5,1,60,2000,1000,20,9,9,100,100,4,0,0,0,0,0,0,0,0,0,0,0,0,0,0
"507",1000,0.5,0.5,1,70,2000,1000,20,9,9,100,100,4,0,0,0,0,0,0,0,0,0,0,0,0,0,0
"508",1000,0.5,0.5,1,80,2000,1000,18,9,100,100,6,0,0,0,0,0,0,0,0,0,0,0,0,0,0,0
"509",1000,0.5,0.5,1,90,2000,1000,18,9,9,9,9,100,100,3,0,0,0,0,0,0,0,0,0,0,0,0
"510",1000,0.5,0.5,1,100,2000,1000,18,9,9,100,100,4,0,0,0,0,0,0,0,0,0,0,0,0,0,0
"511",1000,0.5,0.6,1,10,2000,1000,14,37,37,5,9,0,0,0,0,0,0,0,0,0,0,0,0,0,0,0
"512",1000,0.5,0.6,1,20,2000,1000,15,66,66,5,0,0,0,0,0,0,0,0,0,0,0,0,0,0,0,0
"513",1000,0.5,0.6,1,30,2000,1000,16,9,9,100,100,4,0,0,0,0,0,0,0,0,0,0,0,0,0,0
"514",1000,0.5,0.6,1,40,2000,1000,16,62,62,5,9,0,0,0,0,0,0,0,0,0,0,0,0,0,0,0
"515",1000,0.5,0.6,1,50,2000,1000,19,9,9,100,100,4,0,0,0,0,0,0,0,0,0,0,0,0,0,0
"516",1000,0.5,0.6,1,60,2000,1000,16,9,9,100,100,4,0,0,0,0,0,0,0,0,0,0,0,0,0,0
"517",1000,0.5,0.6,1,70,2000,1000,14,9,100,100,5,0,0,0,0,0,0,0,0,0,0,0,0,0,0,0
"518",1000,0.5,0.6,1,80,2000,1000,16,9,9,100,100,4,0,0,0,0,0,0,0,0,0,0,0,0,0,0
"519",1000,0.5,0.6,1,90,2000,1000,17,10,100,100,5,0,0,0,0,0,0,0,0,0,0,0,0,0,0,0
"520",1000,0.5,0.6,1,100,2000,1000,13,50,50,5,9,0,0,0,0,0,0,0,0,0,0,0,0,0,0,0
"521",1000,0.5,0.7,1,10,2000,1000,17,40,40,5,9,0,0,0,0,0,0,0,0,0,0,0,0,0,0,0
"522",1000,0.5,0.7,1,20,2000,1000,13,11,11,100,100,4,0,0,0,0,0,0,0,0,0,0,0,0,0,0
"523",1000,0.5,0.7,1,30,2000,1000,20,9,9,9,100,100,3,0,0,0,0,0,0,0,0,0,0,0,0,0
"524",1000,0.5,0.7,1,40,2000,1000,16,9,9,9,100,100,3,0,0,0,0,0,0,0,0,0,0,0,0,0
"525",1000,0.5,0.7,1,50,2000,1000,16,83,83,5,0,0,0,0,0,0,0,0,0,0,0,0,0,0,0,0
"526",1000,0.5,0.7,1,60,2000,1000,18,9,9,9,100,100,3,0,0,0,0,0,0,0,0,0,0,0,0,0
"527",1000,0.5,0.7,1,70,2000,1000,17,9,100,100,5,0,0,0,0,0,0,0,0,0,0,0,0,0,0,0
"528",1000,0.5,0.7,1,80,2000,1000,17,83,83,5,0,0,0,0,0,0,0,0,0,0,0,0,0,0,0,0
"529",1000,0.5,0.7,1,90,2000,1000,15,31,31,5,9,9,9,0,0,0,0,0,0,0,0,0,0,0,0,0
"530",1000,0.5,0.7,1,100,2000,1000,15,100,100,5,0,0,0,0,0,0,0,0,0,0,0,0,0,0,0,0
"531",1000,0.5,0.8,1,10,2000,1000,22,9,9,100,100,3,0,0,0,0,0,0,0,0,0,0,0,0,0,0
"532",1000,0.5,0.8,1,20,2000,1000,18,76,76,5,0,0,0,0,0,0,0,0,0,0,0,0,0,0,0,0
"533",1000,0.5,0.8,1,30,2000,1000,16,20,20,20,20,20,2,2,2,100,100,2,0,0,0,0,0,0,0,0
"534",1000,0.5,0.8,1,40,2000,1000,19,9,9,100,100,3,0,0,0,0,0,0,0,0,0,0,0,0,0,0
"535",1000,0.5,0.8,1,50,2000,1000,17,9,9,9,100,100,2,0,0,0,0,0,0,0,0,0,0,0,0,0
"536",1000,0.5,0.8,1,60,2000,1000,15,100,100,5,0,0,0,0,0,0,0,0,0,0,0,0,0,0,0,0
"537",1000,0.5,0.8,1,70,2000,1000,16,76,76,5,0,0,0,0,0,0,0,0,0,0,0,0,0,0,0,0
"538",1000,0.5,0.8,1,80,2000,1000,14,41,41,5,9,0,0,0,0,0,0,0,0,0,0,0,0,0,0,0
"539",1000,0.5,0.8,1,90,2000,1000,21,9,9,100,100,3,0,0,0,0,0,0,0,0,0,0,0,0,0,0
"540",1000,0.5,0.8,1,100,2000,1000,16,10,10,100,100,3,0,0,0,0,0,0,0,0,0,0,0,0,0,0
"541",1000,0.5,0.9,1,10,2000,1000,15,83,83,5,0,0,0,0,0,0,0,0,0,0,0,0,0,0,0,0
"542",1000,0.5,0.9,1,20,2000,1000,16,20,20,20,100,100,2,0,0,0,0,0,0,0,0,0,0,0,0,0
"543",1000,0.5,0.9,1,30,2000,1000,16,9,9,9,9,43,100,2,2,100,100,3,0,0,0,0,0,0,0,0
"544",1000,0.5,0.9,1,40,2000,1000,17,20,20,100,100,3,0,0,0,0,0,0,0,0,0,0,0,0,0,0
"545",1000,0.5,0.9,1,50,2000,1000,19,9,9,100,100,3,0,0,0,0,0,0,0,0,0,0,0,0,0,0
"546",1000,0.5,0.9,1,60,2000,1000,13,9,9,100,100,3,0,0,0,0,0,0,0,0,0,0,0,0,0,0
"547",1000,0.5,0.9,1,70,2000,1000,16,9,9,100,100,3,0,0,0,0,0,0,0,0,0,0,0,0,0,0
"548",1000,0.5,0.9,1,80,2000,1000,17,9,9,100,100,3,0,0,0,0,0,0,0,0,0,0,0,0,0,0
"549",1000,0.5,0.9,1,90,2000,1000,17,9,9,100,100,3,0,0,0,0,0,0,0,0,0,0,0,0,0,0
"550",1000,0.5,0.9,1,100,2000,1000,17,9,9,100,100,3,0,0,0,0,0,0,0,0,0,0,0,0,0,0
"551",1000,0.5,1,1,10,2000,1000,16,76,76,4,0,0,0,0,0,0,0,0,0,0,0,0,0,0,0,0
"552",1000,0.5,1,1,20,2000,1000,11,18,18,18,18,2,2,100,100,3,0,0,0,0,0,0,0,0,0,0
"553",1000,0.5,1,1,30,2000,1000,16,9,100,100,4,0,0,0,0,0,0,0,0,0,0,0,0,0,0,0
"554",1000,0.5,1,1,40,2000,1000,18,50,50,4,0,0,0,0,0,0,0,0,0,0,0,0,0,0,0,0
"555",1000,0.5,1,1,50,2000,1000,15,29,29,4,9,9,9,0,0,0,0,0,0,0,0,0,0,0,0,0
"556",1000,0.5,1,1,60,2000,1000,15,21,21,21,21,2,9,9,9,9,25,100,100,2,0,0,0,0,0,0
"557",1000,0.5,1,1,70,2000,1000,16,23,23,23,100,100,2,0,0,0,0,0,0,0,0,0,0,0,0,0
"558",1000,0.5,1,1,80,2000,1000,17,9,9,100,100,3,0,0,0,0,0,0,0,0,0,0,0,0,0,0
"559",1000,0.5,1,1,90,2000,1000,16,9,9,9,100,100,2,0,0,0,0,0,0,0,0,0,0,0,0,0
"560",1000,0.5,1,1,100,2000,1000,17,90,90,4,0,0,0,0,0,0,0,0,0,0,0,0,0,0,0,0
"561",1000,0.6,0,1,10,2000,1000,18,50,50,9,0,0,0,0,0,0,0,0,0,0,0,0,0,0,0,0
"562",1000,0.6,0,1,20,2000,1000,15,9,9,100,100,9,0,0,0,0,0,0,0,0,0,0,0,0,0,0
"563",1000,0.6,0,1,30,2000,1000,18,37,37,9,9,0,0,0,0,0,0,0,0,0,0,0,0,0,0,0
"564",1000,0.6,0,1,40,2000,1000,15,38,38,9,9,9,9,0,0,0,0,0,0,0,0,0,0,0,0,0
"565",1000,0.6,0,1,50,2000,1000,19,9,9,9,9,100,100,9,0,0,0,0,0,0,0,0,0,0,0,0
"566",1000,0.6,0,1,60,2000,1000,16,100,100,9,0,0,0,0,0,0,0,0,0,0,0,0,0,0,0,0
"567",1000,0.6,0,1,70,2000,1000,15,33,33,9,9,0,0,0,0,0,0,0,0,0,0,0,0,0,0,0
"568",1000,0.6,0,1,80,2000,1000,15,9,9,100,100,9,0,0,0,0,0,0,0,0,0,0,0,0,0,0
"569",1000,0.6,0,1,90,2000,1000,14,38,38,9,9,0,0,0,0,0,0,0,0,0,0,0,0,0,0,0
"570",1000,0.6,0,1,100,2000,1000,14,33,33,9,9,9,0,0,0,0,0,0,0,0,0,0,0,0,0,0
"571",1000,0.6,0.1,1,10,2000,1000,16,9,100,100,8,0,0,0,0,0,0,0,0,0,0,0,0,0,0,0
"572",1000,0.6,0.1,1,20,2000,1000,14,27,27,27,27,7,9,9,9,0,0,0,0,0,0,0,0,0,0,0
"573",1000,0.6,0.1,1,30,2000,1000,19,9,9,100,100,7,9,0,0,0,0,0,0,0,0,0,0,0,0,0
"574",1000,0.6,0.1,1,40,2000,1000,15,9,9,9,100,100,7,0,0,0,0,0,0,0,0,0,0,0,0,0
"575",1000,0.6,0.1,1,50,2000,1000,16,90,90,8,0,0,0,0,0,0,0,0,0,0,0,0,0,0,0,0
"576",1000,0.6,0.1,1,60,2000,1000,16,90,90,8,0,0,0,0,0,0,0,0,0,0,0,0,0,0,0,0
"577",1000,0.6,0.1,1,70,2000,1000,17,9,9,9,100,100,7,0,0,0,0,0,0,0,0,0,0,0,0,0
"578",1000,0.6,0.1,1,80,2000,1000,18,9,9,100,100,7,0,0,0,0,0,0,0,0,0,0,0,0,0,0
"579",1000,0.6,0.1,1,90,2000,1000,14,45,45,8,9,0,0,0,0,0,0,0,0,0,0,0,0,0,0,0
"580",1000,0.6,0.1,1,100,2000,1000,17,9,100,100,8,0,0,0,0,0,0,0,0,0,0,0,0,0,0,0
"581",1000,0.6,0.2,1,10,2000,1000,16,9,9,9,100,100,5,0,0,0,0,0,0,0,0,0,0,0,0,0
"582",1000,0.6,0.2,1,20,2000,1000,17,24,24,24,6,9,9,9,9,0,0,0,0,0,0,0,0,0,0,0
"583",1000,0.6,0.2,1,30,2000,1000,16,83,83,7,0,0,0,0,0,0,0,0,0,0,0,0,0,0,0,0
"584",1000,0.6,0.2,1,40,2000,1000,16,9,9,9,100,100,5,0,0,0,0,0,0,0,0,0,0,0,0,0
"585",1000,0.6,0.2,1,10,2000,1000,16,9,9,9,100,100,5,0,0,0,0,0,0,0,0,0,0,0,0,0
"586",1000,0.6,0.2,1,20,2000,1000,17,24,24,24,6,9,9,9,9,0,0,0,0,0,0,0,0,0,0,0
"587",1000,0.6,0.2,1,30,2000,1000,16,83,83,7,0,0,0,0,0,0,0,0,0,0,0,0,0,0,0,0
"588",1000,0.6,0.2,1,40,2000,1000,16,9,9,9,100,100,5,0,0,0,0,0,0,0,0,0,0,0,0,0
"589",1000,0.6,0.2,1,50,2000,1000,15,9,9,9,100,100,5,0,0,0,0,0,0,0,0,0,0,0,0,0
"590",1000,0.6,0.2,1,60,2000,1000,16,9,9,9,100,100,5,0,0,0,0,0,0,0,0,0,0,0,0,0
"591",1000,0.6,0.2,1,70,2000,1000,15,34,34,34,6,9,9,9,0,0,0,0,0,0,0,0,0,0,0,0
"592",1000,0.6,0.2,1,80,2000,1000,20,9,9,100,100,6,0,0,0,0,0,0,0,0,0,0,0,0,0,0
"593",1000,0.6,0.2,1,90,2000,1000,16,23,23,23,23,23,23,4,9,9,9,9,0,0,0,0,0,0,0,0
"594",1000,0.6,0.2,1,100,2000,1000,15,41,41,7,9,0,0,0,0,0,0,0,0,0,0,0,0,0,0,0
"595",1000,0.6,0.3,1,10,2000,1000,19,22,22,22,5,9,9,9,0,0,0,0,0,0,0,0,0,0,0,0
"596",1000,0.6,0.3,1,20,2000,1000,16,9,9,100,100,5,0,0,0,0,0,0,0,0,0,0,0,0,0,0
"597",1000,0.6,0.3,1,30,2000,1000,17,31,31,7,9,0,0,0,0,0,0,0,0,0,0,0,0,0,0,0
"598",1000,0.6,0.3,1,40,2000,1000,16,23,23,23,23,5,9,9,9,0,0,0,0,0,0,0,0,0,0,0
"599",1000,0.6,0.3,1,50,2000,1000,14,29,29,7,9,0,0,0,0,0,0,0,0,0,0,0,0,0,0,0
"600",1000,0.6,0.3,1,60,2000,1000,20,9,9,100,100,5,0,0,0,0,0,0,0,0,0,0,0,0,0,0
"601",1000,0.6,0.3,1,70,2000,1000,16,11,11,100,100,5,0,0,0,0,0,0,0,0,0,0,0,0,0,0
"602",1000,0.6,0.3,1,80,2000,1000,19,9,9,100,100,5,0,0,0,0,0,0,0,0,0,0,0,0,0,0
"603",1000,0.6,0.3,1,90,2000,1000,13,71,71,7,0,0,0,0,0,0,0,0,0,0,0,0,0,0,0,0
"604",1000,0.6,0.3,1,100,2000,1000,16,90,90,7,0,0,0,0,0,0,0,0,0,0,0,0,0,0,0,0
"605",1000,0.6,0.4,1,10,2000,1000,14,76,76,6,0,0,0,0,0,0,0,0,0,0,0,0,0,0,0,0
"606",1000,0.6,0.4,1,20,2000,1000,17,12,12,100,100,5,0,0,0,0,0,0,0,0,0,0,0,0,0,0
"607",1000,0.6,0.4,1,30,2000,1000,16,9,9,100,100,5,0,0,0,0,0,0,0,0,0,0,0,0,0,0
"608",1000,0.6,0.4,1,40,2000,1000,17,83,83,6,0,0,0,0,0,0,0,0,0,0,0,0,0,0,0,0
"609",1000,0.6,0.4,1,50,2000,1000,18,9,9,9,9,9,3,3,3,100,100,4,0,0,0,0,0,0,0,0
"610",1000,0.6,0.4,1,60,2000,1000,22,9,9,100,100,5,0,0,0,0,0,0,0,0,0,0,0,0,0,0
"611",1000,0.6,0.4,1,70,2000,1000,18,9,9,100,100,5,0,0,0,0,0,0,0,0,0,0,0,0,0,0
"612",1000,0.6,0.4,1,80,2000,1000,15,32,32,6,9,0,0,0,0,0,0,0,0,0,0,0,0,0,0,0
"613",1000,0.6,0.4,1,90,2000,1000,15,9,9,100,100,5,0,0,0,0,0,0,0,0,0,0,0,0,0,0
"614",1000,0.6,0.4,1,100,2000,1000,15,27,27,27,27,4,9,9,9,9,0,0,0,0,0,0,0,0,0,0
"615",1000,0.6,0.5,1,10,2000,1000,15,41,41,6,9,0,0,0,0,0,0,0,0,0,0,0,0,0,0,0
"616",1000,0.6,0.5,1,20,2000,1000,17,41,41,6,9,9,9,9,0,0,0,0,0,0,0,0,0,0,0,0
"617",1000,0.6,0.5,1,30,2000,1000,16,9,9,9,100,100,3,0,0,0,0,0,0,0,0,0,0,0,0,0
"618",1000,0.6,0.5,1,40,2000,1000,21,9,9,100,100,4,0,0,0,0,0,0,0,0,0,0,0,0,0,0
"619",1000,0.6,0.5,1,50,2000,1000,16,9,9,100,100,4,0,0,0,0,0,0,0,0,0,0,0,0,0,0
"620",1000,0.6,0.5,1,60,2000,1000,16,9,9,9,9,100,100,3,0,0,0,0,0,0,0,0,0,0,0,0
"621",1000,0.6,0.5,1,70,2000,1000,15,28,28,6,9,9,9,9,0,0,0,0,0,0,0,0,0,0,0,0
"622",1000,0.6,0.5,1,80,2000,1000,17,9,9,100,100,4,0,0,0,0,0,0,0,0,0,0,0,0,0,0
"623",1000,0.6,0.5,1,90,2000,1000,20,9,9,100,100,4,0,0,0,0,0,0,0,0,0,0,0,0,0,0
"624",1000,0.6,0.5,1,100,2000,1000,20,9,9,100,100,4,0,0,0,0,0,0,0,0,0,0,0,0,0,0
"625",1000,0.6,0.6,1,10,2000,1000,16,12,12,100,100,4,0,0,0,0,0,0,0,0,0,0,0,0,0,0
"626",1000,0.6,0.6,1,20,2000,1000,19,43,43,5,9,0,0,0,0,0,0,0,0,0,0,0,0,0,0,0
"627",1000,0.6,0.6,1,30,2000,1000,13,90,90,5,0,0,0,0,0,0,0,0,0,0,0,0,0,0,0,0
"628",1000,0.6,0.6,1,40,2000,1000,17,9,9,100,100,4,0,0,0,0,0,0,0,0,0,0,0,0,0,0
"629",1000,0.6,0.6,1,50,2000,1000,13,45,45,5,9,0,0,0,0,0,0,0,0,0,0,0,0,0,0,0
"630",1000,0.6,0.6,1,60,2000,1000,18,9,9,100,100,4,0,0,0,0,0,0,0,0,0,0,0,0,0,0
"631",1000,0.6,0.6,1,70,2000,1000,15,100,100,5,0,0,0,0,0,0,0,0,0,0,0,0,0,0,0,0
"632",1000,0.6,0.6,1,80,2000,1000,15,20,20,20,20,20,20,100,100,2,0,0,0,0,0,0,0,0,0,0
"633",1000,0.6,0.6,1,90,2000,1000,14,33,33,33,4,9,9,9,9,0,0,0,0,0,0,0,0,0,0,0
"634",1000,0.6,0.6,1,100,2000,1000,14,100,100,5,0,0,0,0,0,0,0,0,0,0,0,0,0,0,0,0
"635",1000,0.6,0.7,1,10,2000,1000,17,26,26,5,9,9,9,9,0,0,0,0,0,0,0,0,0,0,0,0
"636",1000,0.6,0.7,1,20,2000,1000,15,71,71,5,0,0,0,0,0,0,0,0,0,0,0,0,0,0,0,0
"637",1000,0.6,0.7,1,30,2000,1000,18,25,25,25,4,9,9,9,0,0,0,0,0,0,0,0,0,0,0,0
"638",1000,0.6,0.7,1,40,2000,1000,22,9,9,9,9,9,9,9,0,0,0,0,0,0,0,0,0,0,0,0
"639",1000,0.6,0.7,1,50,2000,1000,15,27,27,5,9,9,9,9,0,0,0,0,0,0,0,0,0,0,0,0
"640",1000,0.6,0.7,1,60,2000,1000,14,40,40,5,9,9,9,9,0,0,0,0,0,0,0,0,0,0,0,0
"641",1000,0.6,0.7,1,70,2000,1000,16,10,100,100,5,0,0,0,0,0,0,0,0,0,0,0,0,0,0,0
"642",1000,0.6,0.7,1,80,2000,1000,16,100,100,5,0,0,0,0,0,0,0,0,0,0,0,0,0,0,0,0
"643",1000,0.6,0.7,1,90,2000,1000,22,9,9,100,100,4,0,0,0,0,0,0,0,0,0,0,0,0,0,0
"644",1000,0.6,0.7,1,100,2000,1000,15,9,9,100,100,4,0,0,0,0,0,0,0,0,0,0,0,0,0,0
"645",1000,0.6,0.8,1,10,2000,1000,18,19,19,19,19,19,19,19,9,100,100,5,0,0,0,0,0,0,0,0
"646",1000,0.6,0.8,1,20,2000,1000,15,50,50,5,0,0,0,0,0,0,0,0,0,0,0,0,0,0,0,0
"647",1000,0.6,0.8,1,30,2000,1000,13,9,9,9,100,100,2,0,0,0,0,0,0,0,0,0,0,0,0,0
"648",1000,0.6,0.8,1,40,2000,1000,17,9,9,9,100,100,2,0,0,0,0,0,0,0,0,0,0,0,0,0
"649",1000,0.6,0.8,1,50,2000,1000,16,76,76,5,0,0,0,0,0,0,0,0,0,0,0,0,0,0,0,0
"650",1000,0.6,0.8,1,60,2000,1000,14,23,23,23,3,9,9,9,9,0,0,0,0,0,0,0,0,0,0,0
"651",1000,0.6,0.8,1,70,2000,1000,18,9,9,100,100,3,0,0,0,0,0,0,0,0,0,0,0,0,0,0
"652",1000,0.6,0.8,1,80,2000,1000,15,31,31,5,9,9,9,0,0,0,0,0,0,0,0,0,0,0,0,0
"653",1000,0.6,0.8,1,90,2000,1000,19,9,9,100,100,3,0,0,0,0,0,0,0,0,0,0,0,0,0,0
"654",1000,0.6,0.8,1,100,2000,1000,18,9,9,100,100,3,0,0,0,0,0,0,0,0,0,0,0,0,0,0
"655",1000,0.6,0.9,1,10,2000,1000,17,22,22,5,5,5,5,35,100,100,2,0,0,0,0,0,0,0,0,0
"656",1000,0.6,0.9,1,20,2000,1000,16,13,13,13,100,100,2,0,0,0,0,0,0,0,0,0,0,0,0,0
"657",1000,0.6,0.9,1,30,2000,1000,15,9,9,9,100,100,2,0,0,0,0,0,0,0,0,0,0,0,0,0
"658",1000,0.6,0.9,1,40,2000,1000,16,9,9,100,100,3,0,0,0,0,0,0,0,0,0,0,0,0,0,0
"659",1000,0.6,0.9,1,50,2000,1000,17,83,83,5,0,0,0,0,0,0,0,0,0,0,0,0,0,0,0,0
"660",1000,0.6,0.9,1,60,2000,1000,20,9,9,9,100,100,2,0,0,0,0,0,0,0,0,0,0,0,0,0
"661",1000,0.6,0.9,1,70,2000,1000,16,24,24,24,24,24,24,24,1,1,1,100,100,2,9,9,9,0,0,0
"662",1000,0.6,0.9,1,80,2000,1000,16,9,100,100,5,0,0,0,0,0,0,0,0,0,0,0,0,0,0,0
"663",1000,0.6,0.9,1,90,2000,1000,18,18,18,100,100,3,0,0,0,0,0,0,0,0,0,0,0,0,0,0
"664",1000,0.6,0.9,1,100,2000,1000,16,9,9,100,100,3,0,0,0,0,0,0,0,0,0,0,0,0,0,0
"665",1000,0.6,1,1,10,2000,1000,17,9,9,9,100,100,2,0,0,0,0,0,0,0,0,0,0,0,0,0
"666",1000,0.6,1,1,20,2000,1000,16,9,9,100,100,3,0,0,0,0,0,0,0,0,0,0,0,0,0,0
"667",1000,0.6,1,1,30,2000,1000,14,31,31,31,3,9,9,9,0,0,0,0,0,0,0,0,0,0,0,0
"668",1000,0.6,1,1,40,2000,1000,16,16,16,100,100,3,0,0,0,0,0,0,0,0,0,0,0,0,0,0
"669",1000,0.6,1,1,50,2000,1000,16,9,9,100,100,3,0,0,0,0,0,0,0,0,0,0,0,0,0,0
"670",1000,0.6,1,1,60,2000,1000,16,24,24,4,9,9,9,9,9,9,0,0,0,0,0,0,0,0,0,0
"671",1000,0.6,1,1,70,2000,1000,15,100,100,4,0,0,0,0,0,0,0,0,0,0,0,0,0,0,0,0
"672",1000,0.6,1,1,80,2000,1000,16,9,9,100,100,3,0,0,0,0,0,0,0,0,0,0,0,0,0,0
"673",1000,0.6,1,1,90,2000,1000,16,17,17,100,100,3,0,0,0,0,0,0,0,0,0,0,0,0,0,0
"674",1000,0.6,1,1,100,2000,1000,18,9,9,100,100,3,0,0,0,0,0,0,0,0,0,0,0,0,0,0
"675",1000,0.7,0,1,10,2000,1000,16,31,31,9,9,9,9,0,0,0,0,0,0,0,0,0,0,0,0,0
"676",1000,0.7,0,1,20,2000,1000,15,52,52,9,0,0,0,0,0,0,0,0,0,0,0,0,0,0,0,0
"677",1000,0.7,0,1,30,2000,1000,14,83,83,9,0,0,0,0,0,0,0,0,0,0,0,0,0,0,0,0
"678",1000,0.7,0,1,40,2000,1000,16,16,16,16,16,100,100,9,0,0,0,0,0,0,0,0,0,0,0,0
"679",1000,0.7,0,1,50,2000,1000,14,100,100,9,0,0,0,0,0,0,0,0,0,0,0,0,0,0,0,0
"680",1000,0.7,0,1,60,2000,1000,17,9,9,9,9,100,100,9,0,0,0,0,0,0,0,0,0,0,0,0
"681",1000,0.7,0,1,70,2000,1000,15,14,14,14,100,100,9,0,0,0,0,0,0,0,0,0,0,0,0,0
"682",1000,0.7,0,1,80,2000,1000,18,9,9,100,100,9,9,0,0,0,0,0,0,0,0,0,0,0,0,0
"683",1000,0.7,0,1,90,2000,1000,16,18,18,18,18,100,100,9,0,0,0,0,0,0,0,0,0,0,0,0
"684",1000,0.7,0,1,100,2000,1000,17,9,9,100,100,9,0,0,0,0,0,0,0,0,0,0,0,0,0,0
"685",1000,0.7,0.1,1,10,2000,1000,16,9,9,100,100,7,0,0,0,0,0,0,0,0,0,0,0,0,0,0
"686",1000,0.7,0.1,1,20,2000,1000,17,9,9,9,100,100,7,0,0,0,0,0,0,0,0,0,0,0,0,0
"687",1000,0.7,0.1,1,30,2000,1000,17,9,9,9,9,100,100,6,0,0,0,0,0,0,0,0,0,0,0,0
"688",1000,0.7,0.1,1,40,2000,1000,18,29,29,8,9,0,0,0,0,0,0,0,0,0,0,0,0,0,0,0
"689",1000,0.7,0.1,1,50,2000,1000,20,9,9,100,100,7,0,0,0,0,0,0,0,0,0,0,0,0,0,0
"690",1000,0.7,0.1,1,60,2000,1000,15,38,38,8,9,0,0,0,0,0,0,0,0,0,0,0,0,0,0,0
"691",1000,0.7,0.1,1,70,2000,1000,14,52,52,8,0,0,0,0,0,0,0,0,0,0,0,0,0,0,0,0
"692",1000,0.7,0.1,1,80,2000,1000,16,11,11,100,100,7,0,0,0,0,0,0,0,0,0,0,0,0,0,0
"693",1000,0.7,0.1,1,90,2000,1000,15,25,25,25,7,9,9,9,0,0,0,0,0,0,0,0,0,0,0,0
"694",1000,0.7,0.1,1,100,2000,1000,17,9,9,9,100,100,7,0,0,0,0,0,0,0,0,0,0,0,0,0
"695",1000,0.7,0.2,1,10,2000,1000,14,83,83,7,0,0,0,0,0,0,0,0,0,0,0,0,0,0,0,0
"696",1000,0.7,0.2,1,20,2000,1000,22,9,9,100,100,6,0,0,0,0,0,0,0,0,0,0,0,0,0,0
"697",1000,0.7,0.2,1,30,2000,1000,14,9,9,100,100,6,0,0,0,0,0,0,0,0,0,0,0,0,0,0
"698",1000,0.7,0.2,1,40,2000,1000,14,9,9,9,100,100,5,0,0,0,0,0,0,0,0,0,0,0,0,0
"699",1000,0.7,0.2,1,50,2000,1000,17,37,37,7,9,0,0,0,0,0,0,0,0,0,0,0,0,0,0,0
"700",1000,0.7,0.2,1,60,2000,1000,15,9,9,100,100,6,0,0,0,0,0,0,0,0,0,0,0,0,0,0
"701",1000,0.7,0.2,1,70,2000,1000,17,9,9,9,9,100,100,5,0,0,0,0,0,0,0,0,0,0,0,0
"702",1000,0.7,0.2,1,80,2000,1000,15,20,20,20,100,100,5,0,0,0,0,0,0,0,0,0,0,0,0,0
"703",1000,0.7,0.2,1,90,2000,1000,16,15,15,15,100,100,5,0,0,0,0,0,0,0,0,0,0,0,0,0
"704",1000,0.7,0.2,1,100,2000,1000,15,29,29,7,9,9,9,0,0,0,0,0,0,0,0,0,0,0,0,0
"705",1000,0.7,0.3,1,10,2000,1000,15,90,90,7,0,0,0,0,0,0,0,0,0,0,0,0,0,0,0,0
"706",1000,0.7,0.3,1,20,2000,1000,17,9,9,9,9,100,100,4,0,0,0,0,0,0,0,0,0,0,0,0
"707",1000,0.7,0.3,1,30,2000,1000,18,23,23,23,23,23,23,23,23,3,9,9,9,0,0,0,0,0,0,0
"708",1000,0.7,0.3,1,40,2000,1000,19,9,9,9,9,9,100,100,3,0,0,0,0,0,0,0,0,0,0,0
"709",1000,0.7,0.3,1,50,2000,1000,13,83,83,7,0,0,0,0,0,0,0,0,0,0,0,0,0,0,0,0
"710",1000,0.7,0.3,1,60,2000,1000,15,23,23,23,23,23,23,23,100,100,3,0,0,0,0,0,0,0,0,0
"711",1000,0.7,0.3,1,70,2000,1000,15,100,100,7,0,0,0,0,0,0,0,0,0,0,0,0,0,0,0,0
"712",1000,0.7,0.3,1,80,2000,1000,14,43,43,7,9,0,0,0,0,0,0,0,0,0,0,0,0,0,0,0
"713",1000,0.7,0.3,1,90,2000,1000,16,12,12,100,100,5,0,0,0,0,0,0,0,0,0,0,0,0,0,0
"714",1000,0.7,0.3,1,100,2000,1000,17,9,9,100,100,5,0,0,0,0,0,0,0,0,0,0,0,0,0,0
"715",1000,0.7,0.4,1,10,2000,1000,13,76,76,6,0,0,0,0,0,0,0,0,0,0,0,0,0,0,0,0
"716",1000,0.7,0.4,1,20,2000,1000,16,40,40,6,9,0,0,0,0,0,0,0,0,0,0,0,0,0,0,0
"717",1000,0.7,0.4,1,30,2000,1000,15,45,45,6,9,0,0,0,0,0,0,0,0,0,0,0,0,0,0,0
"718",1000,0.7,0.4,1,40,2000,1000,17,9,9,9,9,100,100,3,0,0,0,0,0,0,0,0,0,0,0,0
"719",1000,0.7,0.4,1,50,2000,1000,13,41,41,6,9,0,0,0,0,0,0,0,0,0,0,0,0,0,0,0
"720",1000,0.7,0.4,1,60,2000,1000,18,9,9,100,100,5,0,0,0,0,0,0,0,0,0,0,0,0,0,0
"721",1000,0.7,0.4,1,70,2000,1000,17,9,9,100,100,5,0,0,0,0,0,0,0,0,0,0,0,0,0,0
"722",1000,0.7,0.4,1,80,2000,1000,17,9,9,100,100,5,0,0,0,0,0,0,0,0,0,0,0,0,0,0
"723",1000,0.7,0.4,1,90,2000,1000,13,62,62,6,0,0,0,0,0,0,0,0,0,0,0,0,0,0,0,0
"724",1000,0.7,0.4,1,100,2000,1000,17,9,9,100,100,5,9,0,0,0,0,0,0,0,0,0,0,0,0,0
"725",1000,0.7,0.5,1,10,2000,1000,15,11,11,11,100,100,3,0,0,0,0,0,0,0,0,0,0,0,0,0
"726",1000,0.7,0.5,1,20,2000,1000,15,20,20,20,100,100,3,0,0,0,0,0,0,0,0,0,0,0,0,0
"727",1000,0.7,0.5,1,30,2000,1000,17,9,9,100,100,4,0,0,0,0,0,0,0,0,0,0,0,0,0,0
"728",1000,0.7,0.5,1,40,2000,1000,16,9,9,9,9,100,100,3,9,0,0,0,0,0,0,0,0,0,0,0
"729",1000,0.7,0.5,1,50,2000,1000,17,9,9,100,100,4,0,0,0,0,0,0,0,0,0,0,0,0,0,0
"730",1000,0.7,0.5,1,60,2000,1000,17,9,9,9,100,100,3,0,0,0,0,0,0,0,0,0,0,0,0,0
"731",1000,0.7,0.5,1,70,2000,1000,13,9,9,100,100,4,9,9,9,9,0,0,0,0,0,0,0,0,0,0
"732",1000,0.7,0.5,1,80,2000,1000,16,16,16,16,16,100,100,3,0,0,0,0,0,0,0,0,0,0,0,0
"733",1000,0.7,0.5,1,90,2000,1000,15,37,37,6,9,0,0,0,0,0,0,0,0,0,0,0,0,0,0,0
"734",1000,0.7,0.5,1,100,2000,1000,16,17,17,17,100,100,3,0,0,0,0,0,0,0,0,0,0,0,0,0
"735",1000,0.7,0.6,1,10,2000,1000,18,9,9,9,100,100,3,0,0,0,0,0,0,0,0,0,0,0,0,0
"736",1000,0.7,0.6,1,20,2000,1000,15,71,71,5,0,0,0,0,0,0,0,0,0,0,0,0,0,0,0,0
"737",1000,0.7,0.6,1,30,2000,1000,17,52,52,5,0,0,0,0,0,0,0,0,0,0,0,0,0,0,0,0
"738",1000,0.7,0.6,1,40,2000,1000,15,13,13,13,13,100,100,2,0,0,0,0,0,0,0,0,0,0,0,0
"739",1000,0.7,0.6,1,50,2000,1000,14,100,100,5,0,0,0,0,0,0,0,0,0,0,0,0,0,0,0,0
"740",1000,0.7,0.6,1,60,2000,1000,19,9,9,100,100,4,0,0,0,0,0,0,0,0,0,0,0,0,0,0
"741",1000,0.7,0.6,1,70,2000,1000,22,41,41,5,9,9,9,0,0,0,0,0,0,0,0,0,0,0,0,0
"742",1000,0.7,0.6,1,80,2000,1000,20,58,58,5,0,0,0,0,0,0,0,0,0,0,0,0,0,0,0,0
"743",1000,0.7,0.6,1,90,2000,1000,16,15,15,15,100,100,3,0,0,0,0,0,0,0,0,0,0,0,0,0
"744",1000,0.7,0.6,1,100,2000,1000,21,9,9,100,100,4,0,0,0,0,0,0,0,0,0,0,0,0,0,0
"745",1000,0.7,0.7,1,10,2000,1000,21,9,9,9,9,9,29,100,100,2,0,0,0,0,0,0,0,0,0,0
"746",1000,0.7,0.7,1,20,2000,1000,25,9,9,9,100,100,3,0,0,0,0,0,0,0,0,0,0,0,0,0
"747",1000,0.7,0.7,1,30,2000,1000,17,40,40,5,9,0,0,0,0,0,0,0,0,0,0,0,0,0,0,0
"748",1000,0.7,0.7,1,40,2000,1000,17,9,9,9,9,100,100,2,0,0,0,0,0,0,0,0,0,0,0,0
"749",1000,0.7,0.7,1,50,2000,1000,14,52,52,5,0,0,0,0,0,0,0,0,0,0,0,0,0,0,0,0
"750",1000,0.7,0.7,1,60,2000,1000,18,43,43,5,9,9,9,0,0,0,0,0,0,0,0,0,0,0,0,0
"751",1000,0.7,0.7,1,70,2000,1000,14,9,9,9,100,100,3,0,0,0,0,0,0,0,0,0,0,0,0,0
"752",1000,0.7,0.7,1,80,2000,1000,19,9,9,100,100,4,0,0,0,0,0,0,0,0,0,0,0,0,0,0
"753",1000,0.7,0.7,1,90,2000,1000,17,9,9,100,100,4,0,0,0,0,0,0,0,0,0,0,0,0,0,0
"754",1000,0.7,0.7,1,100,2000,1000,14,9,9,100,100,4,0,0,0,0,0,0,0,0,0,0,0,0,0,0
"755",1000,0.7,0.8,1,10,2000,1000,15,12,12,100,100,3,0,0,0,0,0,0,0,0,0,0,0,0,0,0
"756",1000,0.7,0.8,1,20,2000,1000,16,25,25,25,3,9,9,9,9,0,0,0,0,0,0,0,0,0,0,0
"757",1000,0.7,0.8,1,30,2000,1000,16,24,24,24,3,9,9,9,0,0,0,0,0,0,0,0,0,0,0,0
"758",1000,0.7,0.8,1,40,2000,1000,18,9,9,100,100,3,0,0,0,0,0,0,0,0,0,0,0,0,0,0
"759",1000,0.7,0.8,1,50,2000,1000,19,58,58,5,0,0,0,0,0,0,0,0,0,0,0,0,0,0,0,0
"760",1000,0.7,0.8,1,60,2000,1000,16,16,16,16,16,100,100,2,0,0,0,0,0,0,0,0,0,0,0,0
"761",1000,0.7,0.8,1,70,2000,1000,15,9,9,9,100,100,2,9,9,9,0,0,0,0,0,0,0,0,0,0
"762",1000,0.7,0.8,1,80,2000,1000,16,25,25,25,3,9,9,9,0,0,0,0,0,0,0,0,0,0,0,0
"763",1000,0.7,0.8,1,90,2000,1000,18,9,9,100,100,3,0,0,0,0,0,0,0,0,0,0,0,0,0,0
"764",1000,0.7,0.8,1,100,2000,1000,17,10,10,100,100,3,0,0,0,0,0,0,0,0,0,0,0,0,0,0
"765",1000,0.7,0.9,1,10,2000,1000,15,9,9,9,100,100,2,0,0,0,0,0,0,0,0,0,0,0,0,0
"766",1000,0.7,0.9,1,20,2000,1000,22,9,9,100,100,3,0,0,0,0,0,0,0,0,0,0,0,0,0,0
"767",1000,0.7,0.9,1,30,2000,1000,20,9,9,9,100,100,2,9,9,9,0,0,0,0,0,0,0,0,0,0
"768",1000,0.7,0.9,1,40,2000,1000,15,9,9,100,100,3,0,0,0,0,0,0,0,0,0,0,0,0,0,0
"769",1000,0.7,0.9,1,50,2000,1000,17,83,83,5,0,0,0,0,0,0,0,0,0,0,0,0,0,0,0,0
"770",1000,0.7,0.9,1,60,2000,1000,16,18,18,18,18,100,100,2,0,0,0,0,0,0,0,0,0,0,0,0
"771",1000,0.7,0.9,1,70,2000,1000,15,22,22,22,100,100,2,0,0,0,0,0,0,0,0,0,0,0,0,0
"772",1000,0.7,0.9,1,80,2000,1000,16,9,9,100,100,3,0,0,0,0,0,0,0,0,0,0,0,0,0,0
"773",1000,0.7,0.9,1,90,2000,1000,13,41,41,5,9,0,0,0,0,0,0,0,0,0,0,0,0,0,0,0
"774",1000,0.7,0.9,1,100,2000,1000,15,24,24,100,100,3,0,0,0,0,0,0,0,0,0,0,0,0,0,0
"775",1000,0.7,1,1,10,2000,1000,15,18,18,100,100,3,0,0,0,0,0,0,0,0,0,0,0,0,0,0
"776",1000,0.7,1,1,20,2000,1000,16,41,41,4,9,9,9,0,0,0,0,0,0,0,0,0,0,0,0,0
"777",1000,0.7,1,1,30,2000,1000,17,9,9,100,100,3,0,0,0,0,0,0,0,0,0,0,0,0,0,0
"778",1000,0.7,1,1,40,2000,1000,14,45,45,4,0,0,0,0,0,0,0,0,0,0,0,0,0,0,0,0
"779",1000,0.7,1,1,50,2000,1000,16,100,100,4,0,0,0,0,0,0,0,0,0,0,0,0,0,0,0,0
"780",1000,0.7,1,1,60,2000,1000,20,9,9,9,100,100,2,0,0,0,0,0,0,0,0,0,0,0,0,0
"781",1000,0.7,1,1,70,2000,1000,16,10,100,100,4,0,0,0,0,0,0,0,0,0,0,0,0,0,0,0
"782",1000,0.7,1,1,80,2000,1000,14,52,52,4,0,0,0,0,0,0,0,0,0,0,0,0,0,0,0,0
"783",1000,0.7,1,1,90,2000,1000,17,9,9,100,100,3,0,0,0,0,0,0,0,0,0,0,0,0,0,0
"784",1000,0.7,1,1,100,2000,1000,19,9,9,100,100,3,0,0,0,0,0,0,0,0,0,0,0,0,0,0
"785",1000,0.8,0,1,10,2000,1000,15,9,9,9,100,100,9,0,0,0,0,0,0,0,0,0,0,0,0,0
"786",1000,0.8,0,1,20,2000,1000,20,9,9,100,100,9,9,0,0,0,0,0,0,0,0,0,0,0,0,0
"787",1000,0.8,0,1,30,2000,1000,19,9,9,100,100,9,0,0,0,0,0,0,0,0,0,0,0,0,0,0
"788",1000,0.8,0,1,40,2000,1000,16,9,9,9,100,100,100,9,0,0,0,0,0,0,0,0,0,0,0,0
"789",1000,0.8,0,1,50,2000,1000,18,45,45,9,9,0,0,0,0,0,0,0,0,0,0,0,0,0,0,0
"790",1000,0.8,0,1,60,2000,1000,18,71,71,9,0,0,0,0,0,0,0,0,0,0,0,0,0,0,0,0
"791",1000,0.8,0,1,70,2000,1000,18,20,20,100,100,9,0,0,0,0,0,0,0,0,0,0,0,0,0,0
"792",1000,0.8,0,1,80,2000,1000,16,9,9,9,100,100,9,0,0,0,0,0,0,0,0,0,0,0,0,0
"793",1000,0.8,0,1,90,2000,1000,15,90,90,9,0,0,0,0,0,0,0,0,0,0,0,0,0,0,0,0
"794",1000,0.8,0,1,100,2000,1000,16,13,13,100,100,9,0,0,0,0,0,0,0,0,0,0,0,0,0,0
"795",1000,0.8,0.1,1,10,2000,1000,14,52,52,52,7,0,0,0,0,0,0,0,0,0,0,0,0,0,0,0
"796",1000,0.8,0.1,1,20,2000,1000,15,62,62,8,0,0,0,0,0,0,0,0,0,0,0,0,0,0,0,0
"797",1000,0.8,0.1,1,30,2000,1000,15,9,9,9,9,100,100,6,0,0,0,0,0,0,0,0,0,0,0,0
"798",1000,0.8,0.1,1,40,2000,1000,16,9,9,100,100,7,0,0,0,0,0,0,0,0,0,0,0,0,0,0
"799",1000,0.8,0.1,1,50,2000,1000,17,9,9,100,100,7,0,0,0,0,0,0,0,0,0,0,0,0,0,0
"800",1000,0.8,0.1,1,60,2000,1000,14,37,37,37,7,9,0,0,0,0,0,0,0,0,0,0,0,0,0,0
"801",1000,0.8,0.1,1,70,2000,1000,16,16,16,16,16,100,100,6,0,0,0,0,0,0,0,0,0,0,0,0
"802",1000,0.8,0.1,1,80,2000,1000,14,34,34,8,9,0,0,0,0,0,0,0,0,0,0,0,0,0,0,0
"803",1000,0.8,0.1,1,90,2000,1000,18,9,9,100,100,7,0,0,0,0,0,0,0,0,0,0,0,0,0,0
"804",1000,0.8,0.1,1,100,2000,1000,15,55,55,8,0,0,0,0,0,0,0,0,0,0,0,0,0,0,0,0
"805",1000,0.8,0.2,1,10,2000,1000,16,9,9,9,9,100,100,5,0,0,0,0,0,0,0,0,0,0,0,0
"806",1000,0.8,0.2,1,20,2000,1000,26,9,9,9,100,100,5,9,0,0,0,0,0,0,0,0,0,0,0,0
"807",1000,0.8,0.2,1,30,2000,1000,17,9,9,100,100,6,0,0,0,0,0,0,0,0,0,0,0,0,0,0
"808",1000,0.8,0.2,1,40,2000,1000,13,9,9,100,100,6,0,0,0,0,0,0,0,0,0,0,0,0,0,0
"809",1000,0.8,0.2,1,50,2000,1000,14,28,28,28,6,9,0,0,0,0,0,0,0,0,0,0,0,0,0,0
"810",1000,0.8,0.2,1,60,2000,1000,16,71,71,7,0,0,0,0,0,0,0,0,0,0,0,0,0,0,0,0
"811",1000,0.8,0.2,1,70,2000,1000,21,9,9,9,100,100,5,0,0,0,0,0,0,0,0,0,0,0,0,0
"812",1000,0.8,0.2,1,80,2000,1000,18,9,9,9,100,100,5,0,0,0,0,0,0,0,0,0,0,0,0,0
"813",1000,0.8,0.2,1,90,2000,1000,15,19,19,19,19,19,19,4,9,9,9,9,0,0,0,0,0,0,0,0
"814",1000,0.8,0.2,1,100,2000,1000,16,100,100,7,0,0,0,0,0,0,0,0,0,0,0,0,0,0,0,0
"815",1000,0.8,0.3,1,10,2000,1000,16,9,9,100,100,5,9,9,9,0,0,0,0,0,0,0,0,0,0,0
"816",1000,0.8,0.3,1,20,2000,1000,14,9,9,100,100,5,0,0,0,0,0,0,0,0,0,0,0,0,0,0
"817",1000,0.8,0.3,1,30,2000,1000,15,9,9,100,100,5,0,0,0,0,0,0,0,0,0,0,0,0,0,0
"818",1000,0.8,0.3,1,40,2000,1000,16,15,15,15,100,100,5,0,0,0,0,0,0,0,0,0,0,0,0,0
"819",1000,0.8,0.3,1,50,2000,1000,16,9,9,100,100,5,0,0,0,0,0,0,0,0,0,0,0,0,0,0
"820",1000,0.8,0.3,1,60,2000,1000,16,9,9,100,100,5,0,0,0,0,0,0,0,0,0,0,0,0,0,0
"821",1000,0.8,0.3,1,70,2000,1000,18,9,9,100,100,5,0,0,0,0,0,0,0,0,0,0,0,0,0,0
"822",1000,0.8,0.3,1,80,2000,1000,14,20,20,20,20,20,4,9,0,0,0,0,0,0,0,0,0,0,0,0
"823",1000,0.8,0.3,1,90,2000,1000,19,52,52,7,0,0,0,0,0,0,0,0,0,0,0,0,0,0,0,0
"824",1000,0.8,0.3,1,100,2000,1000,15,20,20,20,20,100,100,4,9,9,9,0,0,0,0,0,0,0,0,0
"825",1000,0.8,0.4,1,10,2000,1000,19,34,34,6,9,9,9,0,0,0,0,0,0,0,0,0,0,0,0,0
"826",1000,0.8,0.4,1,20,2000,1000,16,9,9,9,9,100,100,3,0,0,0,0,0,0,0,0,0,0,0,0
"827",1000,0.8,0.4,1,30,2000,1000,18,38,38,6,9,0,0,0,0,0,0,0,0,0,0,0,0,0,0,0
"828",1000,0.8,0.4,1,40,2000,1000,17,83,83,6,0,0,0,0,0,0,0,0,0,0,0,0,0,0,0,0
"829",1000,0.8,0.4,1,50,2000,1000,16,9,9,100,100,5,0,0,0,0,0,0,0,0,0,0,0,0,0,0
"830",1000,0.8,0.4,1,60,2000,1000,16,9,9,100,100,5,0,0,0,0,0,0,0,0,0,0,0,0,0,0
"831",1000,0.8,0.4,1,70,2000,1000,14,28,28,6,9,9,0,0,0,0,0,0,0,0,0,0,0,0,0,0
"832",1000,0.8,0.4,1,80,2000,1000,16,14,14,100,100,5,0,0,0,0,0,0,0,0,0,0,0,0,0,0
"833",1000,0.8,0.4,1,90,2000,1000,17,47,47,6,0,0,0,0,0,0,0,0,0,0,0,0,0,0,0,0
"834",1000,0.8,0.4,1,100,2000,1000,14,43,43,6,0,0,0,0,0,0,0,0,0,0,0,0,0,0,0,0
"835",1000,0.8,0.5,1,10,2000,1000,15,83,83,6,0,0,0,0,0,0,0,0,0,0,0,0,0,0,0,0
"836",1000,0.8,0.5,1,20,2000,1000,16,9,9,9,9,100,100,3,0,0,0,0,0,0,0,0,0,0,0,0
"837",1000,0.8,0.5,1,30,2000,1000,17,9,9,100,100,4,9,0,0,0,0,0,0,0,0,0,0,0,0,0
"838",1000,0.8,0.5,1,40,2000,1000,12,9,9,9,100,100,3,0,0,0,0,0,0,0,0,0,0,0,0,0
"839",1000,0.8,0.5,1,50,2000,1000,16,9,9,100,100,4,0,0,0,0,0,0,0,0,0,0,0,0,0,0
"840",1000,0.8,0.5,1,60,2000,1000,23,9,9,9,100,100,3,0,0,0,0,0,0,0,0,0,0,0,0,0
"841",1000,0.8,0.5,1,70,2000,1000,15,83,83,6,0,0,0,0,0,0,0,0,0,0,0,0,0,0,0,0
"842",1000,0.8,0.5,1,80,2000,1000,15,40,40,6,9,0,0,0,0,0,0,0,0,0,0,0,0,0,0,0
"843",1000,0.8,0.5,1,90,2000,1000,15,9,9,100,100,4,0,0,0,0,0,0,0,0,0,0,0,0,0,0
"844",1000,0.8,0.5,1,100,2000,1000,16,90,90,6,0,0,0,0,0,0,0,0,0,0,0,0,0,0,0,0
"845",1000,0.8,0.6,1,10,2000,1000,17,38,38,38,4,9,9,9,0,0,0,0,0,0,0,0,0,0,0,0
"846",1000,0.8,0.6,1,20,2000,1000,16,30,30,5,9,9,9,0,0,0,0,0,0,0,0,0,0,0,0,0
"847",1000,0.8,0.6,1,30,2000,1000,18,9,9,9,100,100,3,0,0,0,0,0,0,0,0,0,0,0,0,0
"848",1000,0.8,0.6,1,40,2000,1000,14,66,66,5,0,0,0,0,0,0,0,0,0,0,0,0,0,0,0,0
"849",1000,0.8,0.6,1,50,2000,1000,15,24,24,24,4,9,9,9,0,0,0,0,0,0,0,0,0,0,0,0
"850",1000,0.8,0.6,1,60,2000,1000,17,50,50,5,0,0,0,0,0,0,0,0,0,0,0,0,0,0,0,0
"851",1000,0.8,0.6,1,70,2000,1000,14,40,40,5,9,9,0,0,0,0,0,0,0,0,0,0,0,0,0,0
"852",1000,0.8,0.6,1,80,2000,1000,15,25,25,25,100,100,3,0,0,0,0,0,0,0,0,0,0,0,0,0
"853",1000,0.8,0.6,1,90,2000,1000,16,10,10,100,100,4,0,0,0,0,0,0,0,0,0,0,0,0,0,0
"854",1000,0.8,0.6,1,100,2000,1000,17,9,9,100,100,4,0,0,0,0,0,0,0,0,0,0,0,0,0,0
"855",1000,0.8,0.7,1,10,2000,1000,16,30,30,30,4,9,0,0,0,0,0,0,0,0,0,0,0,0,0,0
"856",1000,0.8,0.7,1,20,2000,1000,16,71,71,5,0,0,0,0,0,0,0,0,0,0,0,0,0,0,0,0
"857",1000,0.8,0.7,1,30,2000,1000,17,83,83,5,0,0,0,0,0,0,0,0,0,0,0,0,0,0,0,0
"858",1000,0.8,0.7,1,40,2000,1000,14,83,83,5,0,0,0,0,0,0,0,0,0,0,0,0,0,0,0,0
"859",1000,0.8,0.7,1,50,2000,1000,20,43,43,43,4,0,0,0,0,0,0,0,0,0,0,0,0,0,0,0
"860",1000,0.8,0.7,1,60,2000,1000,15,90,90,5,0,0,0,0,0,0,0,0,0,0,0,0,0,0,0,0
"861",1000,0.8,0.7,1,70,2000,1000,20,9,9,9,100,100,3,0,0,0,0,0,0,0,0,0,0,0,0,0
"862",1000,0.8,0.7,1,80,2000,1000,15,29,29,29,29,29,2,9,9,0,0,0,0,0,0,0,0,0,0,0
"863",1000,0.8,0.7,1,90,2000,1000,18,9,9,9,100,100,3,0,0,0,0,0,0,0,0,0,0,0,0,0
"864",1000,0.8,0.7,1,100,2000,1000,16,9,9,9,100,100,3,0,0,0,0,0,0,0,0,0,0,0,0,0
"865",1000,0.8,0.8,1,10,2000,1000,18,9,9,9,9,100,100,2,0,0,0,0,0,0,0,0,0,0,0,0
"866",1000,0.8,0.8,1,20,2000,1000,17,9,9,100,100,3,0,0,0,0,0,0,0,0,0,0,0,0,0,0
"867",1000,0.8,0.8,1,30,2000,1000,17,9,9,100,100,3,0,0,0,0,0,0,0,0,0,0,0,0,0,0
"868",1000,0.8,0.8,1,40,2000,1000,19,9,9,100,100,3,0,0,0,0,0,0,0,0,0,0,0,0,0,0
"869",1000,0.8,0.8,1,50,2000,1000,20,58,58,5,0,0,0,0,0,0,0,0,0,0,0,0,0,0,0,0
"870",1000,0.8,0.8,1,60,2000,1000,15,100,100,5,0,0,0,0,0,0,0,0,0,0,0,0,0,0,0,0
"871",1000,0.8,0.8,1,70,2000,1000,15,32,32,32,32,32,2,9,9,9,0,0,0,0,0,0,0,0,0,0
"872",1000,0.8,0.8,1,80,2000,1000,14,37,37,5,9,9,9,0,0,0,0,0,0,0,0,0,0,0,0,0
"873",1000,0.8,0.8,1,90,2000,1000,15,9,9,100,100,3,0,0,0,0,0,0,0,0,0,0,0,0,0,0
"874",1000,0.8,0.8,1,100,2000,1000,16,18,18,18,18,100,100,2,0,0,0,0,0,0,0,0,0,0,0,0
"875",1000,0.8,0.9,1,10,2000,1000,17,16,16,16,16,100,100,2,0,0,0,0,0,0,0,0,0,0,0,0
"876",1000,0.8,0.9,1,20,2000,1000,18,9,9,9,9,45,45,45,45,2,0,0,0,0,0,0,0,0,0,0
"877",1000,0.8,0.9,1,30,2000,1000,21,9,9,100,100,3,0,0,0,0,0,0,0,0,0,0,0,0,0,0
"878",1000,0.8,0.9,1,40,2000,1000,18,9,9,9,9,9,14,100,100,2,0,0,0,0,0,0,0,0,0,0
"879",1000,0.8,0.9,1,50,2000,1000,15,100,100,5,0,0,0,0,0,0,0,0,0,0,0,0,0,0,0,0
"880",1000,0.8,0.9,1,60,2000,1000,15,12,12,12,100,100,2,0,0,0,0,0,0,0,0,0,0,0,0,0
"881",1000,0.8,0.9,1,70,2000,1000,20,9,9,100,100,3,0,0,0,0,0,0,0,0,0,0,0,0,0,0
"882",1000,0.8,0.9,1,80,2000,1000,16,22,22,22,22,2,9,9,9,0,0,0,0,0,0,0,0,0,0,0
"883",1000,0.8,0.9,1,90,2000,1000,16,16,16,16,100,100,2,0,0,0,0,0,0,0,0,0,0,0,0,0
"884",1000,0.8,0.9,1,100,2000,1000,18,9,9,9,100,100,2,9,9,9,0,0,0,0,0,0,0,0,0,0
"885",1000,0.8,1,1,10,2000,1000,15,66,66,4,0,0,0,0,0,0,0,0,0,0,0,0,0,0,0,0
"886",1000,0.8,1,1,20,2000,1000,15,100,100,4,0,0,0,0,0,0,0,0,0,0,0,0,0,0,0,0
"887",1000,0.8,1,1,30,2000,1000,17,58,58,4,0,0,0,0,0,0,0,0,0,0,0,0,0,0,0,0
"888",1000,0.8,1,1,40,2000,1000,14,66,66,4,0,0,0,0,0,0,0,0,0,0,0,0,0,0,0,0
"889",1000,0.8,1,1,50,2000,1000,15,17,17,100,100,3,0,0,0,0,0,0,0,0,0,0,0,0,0,0
"890",1000,0.8,1,0,60,2000,1000,15,16,16,16,16,29,29,29,29,29,29,29,29,29,29,29,29,29,1,1
"891",1000,0.8,1,1,70,2000,1000,15,23,23,23,3,9,9,9,0,0,0,0,0,0,0,0,0,0,0,0
"892",1000,0.8,1,1,80,2000,1000,21,9,9,9,100,100,2,0,0,0,0,0,0,0,0,0,0,0,0,0
"893",1000,0.8,1,1,90,2000,1000,17,9,9,100,100,3,0,0,0,0,0,0,0,0,0,0,0,0,0,0
"894",1000,0.8,1,1,100,2000,1000,14,43,43,4,9,9,9,0,0,0,0,0,0,0,0,0,0,0,0,0
"895",1000,0.9,0,1,10,2000,1000,17,9,9,9,100,100,9,0,0,0,0,0,0,0,0,0,0,0,0,0
"896",1000,0.9,0,1,20,2000,1000,18,30,30,30,30,9,0,0,0,0,0,0,0,0,0,0,0,0,0,0
"897",1000,0.9,0,1,30,2000,1000,17,9,9,9,100,100,9,0,0,0,0,0,0,0,0,0,0,0,0,0
"898",1000,0.9,0,1,40,2000,1000,15,9,9,9,100,100,9,0,0,0,0,0,0,0,0,0,0,0,0,0
"899",1000,0.9,0,1,50,2000,1000,15,9,9,100,100,9,0,0,0,0,0,0,0,0,0,0,0,0,0,0
"900",1000,0.9,0,1,60,2000,1000,15,90,90,9,0,0,0,0,0,0,0,0,0,0,0,0,0,0,0,0
"901",1000,0.9,0,1,70,2000,1000,15,9,9,100,100,9,9,0,0,0,0,0,0,0,0,0,0,0,0,0
"902",1000,0.9,0,1,80,2000,1000,14,31,31,31,9,0,0,0,0,0,0,0,0,0,0,0,0,0,0,0
"903",1000,0.9,0,1,90,2000,1000,22,9,9,100,100,9,0,0,0,0,0,0,0,0,0,0,0,0,0,0
"904",1000,0.9,0,1,100,2000,1000,15,100,100,9,0,0,0,0,0,0,0,0,0,0,0,0,0,0,0,0
"905",1000,0.9,0.1,1,10,2000,1000,16,9,9,9,100,100,7,0,0,0,0,0,0,0,0,0,0,0,0,0
"906",1000,0.9,0.1,1,20,2000,1000,16,9,9,9,100,100,7,0,0,0,0,0,0,0,0,0,0,0,0,0
"907",1000,0.9,0.1,1,30,2000,1000,16,9,9,9,9,100,100,6,0,0,0,0,0,0,0,0,0,0,0,0
"908",1000,0.9,0.1,1,40,2000,1000,17,50,50,8,0,0,0,0,0,0,0,0,0,0,0,0,0,0,0,0
"909",1000,0.9,0.1,1,50,2000,1000,15,100,100,8,0,0,0,0,0,0,0,0,0,0,0,0,0,0,0,0
"910",1000,0.9,0.1,1,60,2000,1000,17,9,9,100,100,7,9,0,0,0,0,0,0,0,0,0,0,0,0,0
"911",1000,0.9,0.1,1,70,2000,1000,18,9,9,9,9,100,100,6,0,0,0,0,0,0,0,0,0,0,0,0
"912",1000,0.9,0.1,1,80,2000,1000,15,28,28,28,7,9,0,0,0,0,0,0,0,0,0,0,0,0,0,0
"913",1000,0.9,0.1,1,90,2000,1000,18,9,9,100,100,7,0,0,0,0,0,0,0,0,0,0,0,0,0,0
"914",1000,0.9,0.1,1,100,2000,1000,18,9,9,9,9,100,100,6,0,0,0,0,0,0,0,0,0,0,0,0
"915",1000,0.9,0.2,1,10,2000,1000,14,50,50,7,0,0,0,0,0,0,0,0,0,0,0,0,0,0,0,0
"916",1000,0.9,0.2,1,20,2000,1000,15,90,90,7,0,0,0,0,0,0,0,0,0,0,0,0,0,0,0,0
"917",1000,0.9,0.2,1,30,2000,1000,16,66,66,7,0,0,0,0,0,0,0,0,0,0,0,0,0,0,0,0
"918",1000,0.9,0.2,1,40,2000,1000,14,100,100,7,0,0,0,0,0,0,0,0,0,0,0,0,0,0,0,0
"919",1000,0.9,0.2,1,50,2000,1000,13,100,100,7,0,0,0,0,0,0,0,0,0,0,0,0,0,0,0,0
"920",1000,0.9,0.2,1,60,2000,1000,17,9,9,100,100,6,0,0,0,0,0,0,0,0,0,0,0,0,0,0
"921",1000,0.9,0.2,1,70,2000,1000,17,9,9,9,100,100,5,0,0,0,0,0,0,0,0,0,0,0,0,0
"922",1000,0.9,0.2,1,80,2000,1000,18,9,9,100,100,6,9,0,0,0,0,0,0,0,0,0,0,0,0,0
"923",1000,0.9,0.2,1,90,2000,1000,17,9,9,100,100,6,0,0,0,0,0,0,0,0,0,0,0,0,0,0
"924",1000,0.9,0.2,1,100,2000,1000,16,17,17,17,17,17,100,100,4,9,9,0,0,0,0,0,0,0,0,0
"925",1000,0.9,0.3,1,10,2000,1000,18,15,15,15,15,100,100,4,0,0,0,0,0,0,0,0,0,0,0,0
"926",1000,0.9,0.3,1,20,2000,1000,14,71,71,7,0,0,0,0,0,0,0,0,0,0,0,0,0,0,0,0
"927",1000,0.9,0.3,1,30,2000,1000,18,11,11,100,100,5,0,0,0,0,0,0,0,0,0,0,0,0,0,0
"928",1000,0.9,0.3,1,40,2000,1000,17,11,11,11,100,100,5,9,0,0,0,0,0,0,0,0,0,0,0,0
"929",1000,0.9,0.3,1,50,2000,1000,16,9,9,9,100,100,5,0,0,0,0,0,0,0,0,0,0,0,0,0
"930",1000,0.9,0.3,1,60,2000,1000,18,9,9,100,100,5,0,0,0,0,0,0,0,0,0,0,0,0,0,0
"931",1000,0.9,0.3,1,70,2000,1000,15,9,9,100,100,5,0,0,0,0,0,0,0,0,0,0,0,0,0,0
"932",1000,0.9,0.3,1,80,2000,1000,13,37,37,7,9,0,0,0,0,0,0,0,0,0,0,0,0,0,0,0
"933",1000,0.9,0.3,1,90,2000,1000,15,100,100,7,0,0,0,0,0,0,0,0,0,0,0,0,0,0,0,0
"934",1000,0.9,0.3,1,100,2000,1000,16,9,9,9,9,100,100,4,0,0,0,0,0,0,0,0,0,0,0,0
"935",1000,0.9,0.4,1,10,2000,1000,18,13,13,100,100,5,0,0,0,0,0,0,0,0,0,0,0,0,0,0
"936",1000,0.9,0.4,1,20,2000,1000,19,9,9,9,9,9,100,100,3,0,0,0,0,0,0,0,0,0,0,0
"937",1000,0.9,0.4,1,30,2000,1000,15,9,9,9,9,100,100,3,0,0,0,0,0,0,0,0,0,0,0,0
"938",1000,0.9,0.4,1,40,2000,1000,18,9,9,9,9,9,100,100,3,0,0,0,0,0,0,0,0,0,0,0
"939",1000,0.9,0.4,1,50,2000,1000,16,90,90,6,0,0,0,0,0,0,0,0,0,0,0,0,0,0,0,0
"940",1000,0.9,0.4,1,60,2000,1000,15,34,34,6,9,9,9,0,0,0,0,0,0,0,0,0,0,0,0,0
"941",1000,0.9,0.4,1,70,2000,1000,17,10,10,100,100,5,0,0,0,0,0,0,0,0,0,0,0,0,0,0
"942",1000,0.9,0.4,1,80,2000,1000,18,9,9,100,100,5,0,0,0,0,0,0,0,0,0,0,0,0,0,0
"943",1000,0.9,0.4,1,90,2000,1000,18,9,9,9,100,100,4,0,0,0,0,0,0,0,0,0,0,0,0,0
"944",1000,0.9,0.4,1,100,2000,1000,16,14,14,14,14,100,100,3,0,0,0,0,0,0,0,0,0,0,0,0
"945",1000,0.9,0.5,1,10,2000,1000,17,9,9,9,100,100,3,9,0,0,0,0,0,0,0,0,0,0,0,0
"946",1000,0.9,0.5,1,20,2000,1000,15,62,62,62,4,0,0,0,0,0,0,0,0,0,0,0,0,0,0,0
"947",1000,0.9,0.5,1,30,2000,1000,14,90,90,6,0,0,0,0,0,0,0,0,0,0,0,0,0,0,0,0
"948",1000,0.9,0.5,1,40,2000,1000,16,9,9,9,9,100,100,3,9,9,9,0,0,0,0,0,0,0,0,0
"949",1000,0.9,0.5,1,50,2000,1000,13,31,31,31,4,0,0,0,0,0,0,0,0,0,0,0,0,0,0,0
"950",1000,0.9,0.5,1,60,2000,1000,15,14,14,14,14,100,100,3,0,0,0,0,0,0,0,0,0,0,0,0
"951",1000,0.9,0.5,1,70,2000,1000,17,9,9,100,100,4,0,0,0,0,0,0,0,0,0,0,0,0,0,0
"952",1000,0.9,0.5,1,80,2000,1000,16,23,23,23,23,3,9,0,0,0,0,0,0,0,0,0,0,0,0,0
"953",1000,0.9,0.5,1,90,2000,1000,18,9,9,9,100,100,3,0,0,0,0,0,0,0,0,0,0,0,0,0
"954",1000,0.9,0.5,1,100,2000,1000,21,9,9,9,100,100,3,0,0,0,0,0,0,0,0,0,0,0,0,0
"955",1000,0.9,0.6,1,10,2000,1000,17,83,83,5,0,0,0,0,0,0,0,0,0,0,0,0,0,0,0,0
"956",1000,0.9,0.6,1,20,2000,1000,15,34,34,34,34,3,9,9,9,0,0,0,0,0,0,0,0,0,0,0
"957",1000,0.9,0.6,1,30,2000,1000,16,71,71,5,0,0,0,0,0,0,0,0,0,0,0,0,0,0,0,0
"958",1000,0.9,0.6,1,40,2000,1000,14,35,35,5,9,0,0,0,0,0,0,0,0,0,0,0,0,0,0,0
"959",1000,0.9,0.6,1,50,2000,1000,17,9,9,100,100,4,0,0,0,0,0,0,0,0,0,0,0,0,0,0
"960",1000,0.9,0.6,1,60,2000,1000,13,45,45,5,9,0,0,0,0,0,0,0,0,0,0,0,0,0,0,0
"961",1000,0.9,0.6,1,70,2000,1000,13,9,9,9,100,100,3,0,0,0,0,0,0,0,0,0,0,0,0,0
"962",1000,0.9,0.6,1,80,2000,1000,19,9,9,100,100,4,0,0,0,0,0,0,0,0,0,0,0,0,0,0
"963",1000,0.9,0.6,1,90,2000,1000,17,9,9,100,100,4,0,0,0,0,0,0,0,0,0,0,0,0,0,0
"964",1000,0.9,0.6,1,100,2000,1000,16,38,38,38,4,0,0,0,0,0,0,0,0,0,0,0,0,0,0,0
"965",1000,0.9,0.7,1,10,2000,1000,17,14,14,14,14,100,100,2,0,0,0,0,0,0,0,0,0,0,0,0
"966",1000,0.9,0.7,1,20,2000,1000,19,19,19,19,19,19,19,19,19,19,19,7,100,100,5,0,0,0,0,0
"967",1000,0.9,0.7,1,30,2000,1000,26,9,9,9,100,100,3,0,0,0,0,0,0,0,0,0,0,0,0,0
"968",1000,0.9,0.7,1,40,2000,1000,15,100,100,5,0,0,0,0,0,0,0,0,0,0,0,0,0,0,0,0
"969",1000,0.9,0.7,1,50,2000,1000,16,10,10,100,100,4,9,9,0,0,0,0,0,0,0,0,0,0,0,0
"970",1000,0.9,0.7,1,60,2000,1000,17,9,9,100,100,4,0,0,0,0,0,0,0,0,0,0,0,0,0,0
"971",1000,0.9,0.7,1,70,2000,1000,16,9,9,100,100,4,0,0,0,0,0,0,0,0,0,0,0,0,0,0
"972",1000,0.9,0.7,1,80,2000,1000,15,9,9,9,100,100,100,2,0,0,0,0,0,0,0,0,0,0,0,0
"973",1000,0.9,0.7,1,90,2000,1000,16,9,9,100,100,4,9,0,0,0,0,0,0,0,0,0,0,0,0,0
"974",1000,0.9,0.7,1,100,2000,1000,18,9,9,100,100,4,0,0,0,0,0,0,0,0,0,0,0,0,0,0
"975",1000,0.9,0.8,1,10,2000,1000,17,9,9,9,100,100,2,0,0,0,0,0,0,0,0,0,0,0,0,0
"976",1000,0.9,0.8,1,20,2000,1000,21,9,9,100,100,3,0,0,0,0,0,0,0,0,0,0,0,0,0,0
"977",1000,0.9,0.8,1,30,2000,1000,13,9,9,100,100,3,0,0,0,0,0,0,0,0,0,0,0,0,0,0
"978",1000,0.9,0.8,1,40,2000,1000,16,83,83,5,0,0,0,0,0,0,0,0,0,0,0,0,0,0,0,0
"979",1000,0.9,0.8,1,50,2000,1000,15,90,90,5,0,0,0,0,0,0,0,0,0,0,0,0,0,0,0,0
"980",1000,0.9,0.8,1,60,2000,1000,14,38,38,5,9,0,0,0,0,0,0,0,0,0,0,0,0,0,0,0
"981",1000,0.9,0.8,1,70,2000,1000,16,9,9,100,100,3,0,0,0,0,0,0,0,0,0,0,0,0,0,0
"982",1000,0.9,0.8,1,80,2000,1000,19,9,9,9,100,100,2,0,0,0,0,0,0,0,0,0,0,0,0,0
"983",1000,0.9,0.8,1,90,2000,1000,18,9,9,100,100,3,0,0,0,0,0,0,0,0,0,0,0,0,0,0
"984",1000,0.9,0.8,1,100,2000,1000,15,23,23,23,23,2,9,0,0,0,0,0,0,0,0,0,0,0,0,0
"985",1000,0.9,0.9,1,10,2000,1000,23,9,9,100,100,3,0,0,0,0,0,0,0,0,0,0,0,0,0,0
"986",1000,0.9,0.9,1,20,2000,1000,15,43,43,43,3,0,0,0,0,0,0,0,0,0,0,0,0,0,0,0
"987",1000,0.9,0.9,1,30,2000,1000,13,66,66,5,9,0,0,0,0,0,0,0,0,0,0,0,0,0,0,0
"988",1000,0.9,0.9,1,40,2000,1000,15,100,100,5,0,0,0,0,0,0,0,0,0,0,0,0,0,0,0,0
"989",1000,0.9,0.9,1,50,2000,1000,13,9,9,100,100,3,0,0,0,0,0,0,0,0,0,0,0,0,0,0
"990",1000,0.9,0.9,1,60,2000,1000,16,9,9,100,100,3,0,0,0,0,0,0,0,0,0,0,0,0,0,0
"991",1000,0.9,0.9,1,70,2000,1000,20,9,9,100,100,3,0,0,0,0,0,0,0,0,0,0,0,0,0,0
"992",1000,0.9,0.9,1,80,2000,1000,18,9,9,9,9,32,32,32,32,32,1,0,0,0,0,0,0,0,0,0
"993",1000,0.9,0.9,1,90,2000,1000,16,25,25,25,3,9,9,9,0,0,0,0,0,0,0,0,0,0,0,0
"994",1000,0.9,0.9,1,100,2000,1000,16,50,50,5,0,0,0,0,0,0,0,0,0,0,0,0,0,0,0,0
"995",1000,0.9,1,1,10,2000,1000,18,30,30,30,3,0,0,0,0,0,0,0,0,0,0,0,0,0,0,0
"996",1000,0.9,1,1,20,2000,1000,15,83,83,4,0,0,0,0,0,0,0,0,0,0,0,0,0,0,0,0
"997",1000,0.9,1,1,30,2000,1000,17,9,9,9,100,100,100,2,0,0,0,0,0,0,0,0,0,0,0,0
"998",1000,0.9,1,1,40,2000,1000,15,9,9,9,100,100,2,0,0,0,0,0,0,0,0,0,0,0,0,0
"999",1000,0.9,1,1,50,2000,1000,16,17,17,17,17,31,31,31,31,31,1,9,9,0,0,0,0,0,0,0
"1000",1000,0.9,1,1,60,2000,1000,15,23,23,23,23,23,23,23,7,100,100,100,3,0,0,0,0,0,0,0
"1001",1000,0.9,1,1,70,2000,1000,14,9,9,9,100,100,2,0,0,0,0,0,0,0,0,0,0,0,0,0
"1002",1000,0.9,1,1,80,2000,1000,18,83,83,4,0,0,0,0,0,0,0,0,0,0,0,0,0,0,0,0
"1003",1000,0.9,1,1,90,2000,1000,17,9,9,100,100,3,0,0,0,0,0,0,0,0,0,0,0,0,0,0
"1004",1000,0.9,1,1,100,2000,1000,17,9,9,100,100,3,0,0,0,0,0,0,0,0,0,0,0,0,0,0
"1005",1000,1,0,1,10,2000,1000,15,16,16,16,16,16,16,100,100,9,0,0,0,0,0,0,0,0,0,0
"1006",1000,1,0,1,20,2000,1000,15,9,9,9,100,100,9,0,0,0,0,0,0,0,0,0,0,0,0,0
"1007",1000,1,0,1,30,2000,1000,15,17,17,17,100,100,9,0,0,0,0,0,0,0,0,0,0,0,0,0
"1008",1000,1,0,1,40,2000,1000,14,50,50,50,9,0,0,0,0,0,0,0,0,0,0,0,0,0,0,0
"1009",1000,1,0,1,50,2000,1000,19,58,58,58,9,0,0,0,0,0,0,0,0,0,0,0,0,0,0,0
"1010",1000,1,0,1,60,2000,1000,12,43,43,43,9,0,0,0,0,0,0,0,0,0,0,0,0,0,0,0
"1011",1000,1,0,1,70,2000,1000,16,90,90,9,0,0,0,0,0,0,0,0,0,0,0,0,0,0,0,0
"1012",1000,1,0,1,80,2000,1000,13,62,62,9,0,0,0,0,0,0,0,0,0,0,0,0,0,0,0,0
"1013",1000,1,0,1,90,2000,1000,15,20,20,20,20,20,20,20,20,20,20,20,20,20,100,100,9,0,0,0
"1014",1000,1,0,1,100,2000,1000,15,26,26,26,26,9,0,0,0,0,0,0,0,0,0,0,0,0,0,0
"1015",1000,1,0.1,1,10,2000,1000,19,37,37,37,7,0,0,0,0,0,0,0,0,0,0,0,0,0,0,0
"1016",1000,1,0.1,1,20,2000,1000,21,9,9,100,100,7,0,0,0,0,0,0,0,0,0,0,0,0,0,0
"1017",1000,1,0.1,1,30,2000,1000,16,33,33,33,33,7,0,0,0,0,0,0,0,0,0,0,0,0,0,0
"1018",1000,1,0.1,1,40,2000,1000,15,9,9,100,100,7,0,0,0,0,0,0,0,0,0,0,0,0,0,0
"1019",1000,1,0.1,1,50,2000,1000,16,90,90,8,0,0,0,0,0,0,0,0,0,0,0,0,0,0,0,0
"1020",1000,1,0.1,1,60,2000,1000,15,100,100,8,0,0,0,0,0,0,0,0,0,0,0,0,0,0,0,0
"1021",1000,1,0.1,1,70,2000,1000,20,9,9,9,100,100,7,0,0,0,0,0,0,0,0,0,0,0,0,0
"1022",1000,1,0.1,1,80,2000,1000,16,9,9,9,100,100,100,0,0,0,0,0,0,0,0,0,0,0,0,0
"1023",1000,1,0.1,1,90,2000,1000,15,40,40,40,7,0,0,0,0,0,0,0,0,0,0,0,0,0,0,0
"1024",1000,1,0.1,1,100,2000,1000,15,29,29,29,29,7,0,0,0,0,0,0,0,0,0,0,0,0,0,0
"1025",1000,1,0.2,1,10,2000,1000,16,13,13,13,13,13,100,100,100,4,0,0,0,0,0,0,0,0,0,0
"1026",1000,1,0.2,1,20,2000,1000,14,43,43,43,6,0,0,0,0,0,0,0,0,0,0,0,0,0,0,0
"1027",1000,1,0.2,1,30,2000,1000,14,25,25,25,25,5,0,0,0,0,0,0,0,0,0,0,0,0,0,0
"1028",1000,1,0.2,1,40,2000,1000,15,35,35,35,6,0,0,0,0,0,0,0,0,0,0,0,0,0,0,0
"1029",1000,1,0.2,1,50,2000,1000,14,100,100,7,0,0,0,0,0,0,0,0,0,0,0,0,0,0,0,0
"1030",1000,1,0.2,1,60,2000,1000,17,12,12,12,12,100,100,100,0,0,0,0,0,0,0,0,0,0,0,0
"1031",1000,1,0.2,1,70,2000,1000,17,9,9,100,100,6,0,0,0,0,0,0,0,0,0,0,0,0,0,0
"1032",1000,1,0.2,1,80,2000,1000,15,9,9,9,100,100,5,0,0,0,0,0,0,0,0,0,0,0,0,0
"1033",1000,1,0.2,1,90,2000,1000,19,11,11,11,100,100,5,0,0,0,0,0,0,0,0,0,0,0,0,0
"1034",1000,1,0.2,1,100,2000,1000,19,9,9,100,100,6,0,0,0,0,0,0,0,0,0,0,0,0,0,0
"1035",1000,1,0.3,1,10,2000,1000,15,28,28,28,28,28,4,0,0,0,0,0,0,0,0,0,0,0,0,0
"1036",1000,1,0.3,1,20,2000,1000,16,15,15,15,15,15,15,100,100,100,0,0,0,0,0,0,0,0,0,0
"1037",1000,1,0.3,1,30,2000,1000,16,29,29,29,29,5,0,0,0,0,0,0,0,0,0,0,0,0,0,0
"1038",1000,1,0.3,1,40,2000,1000,16,9,9,9,9,100,100,4,0,0,0,0,0,0,0,0,0,0,0,0
"1039",1000,1,0.3,1,50,2000,1000,18,34,34,34,5,0,0,0,0,0,0,0,0,0,0,0,0,0,0,0
"1040",1000,1,0.3,1,60,2000,1000,23,9,9,9,100,100,5,0,0,0,0,0,0,0,0,0,0,0,0,0
"1041",1000,1,0.3,1,70,2000,1000,18,9,9,9,100,100,5,0,0,0,0,0,0,0,0,0,0,0,0,0
"1042",1000,1,0.3,1,80,2000,1000,20,9,9,9,100,100,5,0,0,0,0,0,0,0,0,0,0,0,0,0
"1043",1000,1,0.3,1,90,2000,1000,16,15,15,15,15,15,100,100,100,3,0,0,0,0,0,0,0,0,0,0
"1044",1000,1,0.3,1,100,2000,1000,20,9,9,9,100,100,5,0,0,0,0,0,0,0,0,0,0,0,0,0
"1045",1000,1,0.4,1,10,2000,1000,17,9,9,9,9,100,100,3,0,0,0,0,0,0,0,0,0,0,0,0
"1046",1000,1,0.4,1,20,2000,1000,16,38,38,38,5,0,0,0,0,0,0,0,0,0,0,0,0,0,0,0
"1047",1000,1,0.4,1,30,2000,1000,16,71,71,6,0,0,0,0,0,0,0,0,0,0,0,0,0,0,0,0
"1048",1000,1,0.4,1,40,2000,1000,14,16,16,16,16,100,100,100,0,0,0,0,0,0,0,0,0,0,0,0
"1049",1000,1,0.4,1,50,2000,1000,13,43,43,43,5,0,0,0,0,0,0,0,0,0,0,0,0,0,0,0
"1050",1000,1,0.4,1,60,2000,1000,16,9,9,9,100,100,4,0,0,0,0,0,0,0,0,0,0,0,0,0
"1051",1000,1,0.4,1,70,2000,1000,14,38,38,38,5,0,0,0,0,0,0,0,0,0,0,0,0,0,0,0
"1052",1000,1,0.4,1,80,2000,1000,20,9,9,9,9,100,100,100,3,0,0,0,0,0,0,0,0,0,0,0
"1053",1000,1,0.4,1,90,2000,1000,14,9,9,9,100,100,4,0,0,0,0,0,0,0,0,0,0,0,0,0
"1054",1000,1,0.4,1,100,2000,1000,17,12,12,100,100,5,0,0,0,0,0,0,0,0,0,0,0,0,0,0
"1055",1000,1,0.5,1,10,2000,1000,15,71,71,71,0,0,0,0,0,0,0,0,0,0,0,0,0,0,0,0
"1056",1000,1,0.5,1,20,2000,1000,16,71,71,6,0,0,0,0,0,0,0,0,0,0,0,0,0,0,0,0
"1057",1000,1,0.5,1,30,2000,1000,16,25,25,25,25,25,25,25,2,0,0,0,0,0,0,0,0,0,0,0
"1058",1000,1,0.5,1,40,2000,1000,17,9,9,9,9,9,100,100,100,2,0,0,0,0,0,0,0,0,0,0
"1059",1000,1,0.5,1,50,2000,1000,17,9,9,9,100,100,100,3,0,0,0,0,0,0,0,0,0,0,0,0
"1060",1000,1,0.5,1,60,2000,1000,18,9,9,9,100,100,3,0,0,0,0,0,0,0,0,0,0,0,0,0
"1061",1000,1,0.5,1,70,2000,1000,16,18,18,18,18,18,100,100,2,0,0,0,0,0,0,0,0,0,0,0
"1062",1000,1,0.5,1,80,2000,1000,14,9,9,9,100,100,3,0,0,0,0,0,0,0,0,0,0,0,0,0
"1063",1000,1,0.5,1,90,2000,1000,15,27,27,27,27,27,27,27,0,0,0,0,0,0,0,0,0,0,0,0
"1064",1000,1,0.5,1,100,2000,1000,15,25,25,25,25,25,25,25,25,2,0,0,0,0,0,0,0,0,0,0
"1065",1000,1,0.6,1,10,2000,1000,18,9,9,9,9,100,100,2,0,0,0,0,0,0,0,0,0,0,0,0
"1066",1000,1,0.6,1,20,2000,1000,19,9,9,100,100,4,0,0,0,0,0,0,0,0,0,0,0,0,0,0
"1067",1000,1,0.6,1,30,2000,1000,15,13,13,13,13,100,100,2,0,0,0,0,0,0,0,0,0,0,0,0
"1068",1000,1,0.6,1,40,2000,1000,14,27,27,27,27,0,0,0,0,0,0,0,0,0,0,0,0,0,0,0
"1069",1000,1,0.6,1,50,2000,1000,13,9,9,9,100,100,3,0,0,0,0,0,0,0,0,0,0,0,0,0
"1070",1000,1,0.6,1,60,2000,1000,19,9,9,9,100,100,3,0,0,0,0,0,0,0,0,0,0,0,0,0
"1071",1000,1,0.6,1,70,2000,1000,18,9,9,9,100,100,3,0,0,0,0,0,0,0,0,0,0,0,0,0
"1072",1000,1,0.6,1,80,2000,1000,16,9,9,9,100,100,100,0,0,0,0,0,0,0,0,0,0,0,0,0
"1073",1000,1,0.6,1,90,2000,1000,16,9,9,9,9,100,100,100,0,0,0,0,0,0,0,0,0,0,0,0
"1074",1000,1,0.6,1,100,2000,1000,18,9,9,9,100,100,3,0,0,0,0,0,0,0,0,0,0,0,0,0
"1075",1000,1,0.7,1,10,2000,1000,23,9,9,9,100,100,3,0,0,0,0,0,0,0,0,0,0,0,0,0
"1076",1000,1,0.7,1,20,2000,1000,15,31,31,31,31,0,0,0,0,0,0,0,0,0,0,0,0,0,0,0
"1077",1000,1,0.7,1,30,2000,1000,16,15,15,15,100,100,3,0,0,0,0,0,0,0,0,0,0,0,0,0
"1078",1000,1,0.7,1,40,2000,1000,17,83,83,5,0,0,0,0,0,0,0,0,0,0,0,0,0,0,0,0
"1079",1000,1,0.7,1,50,2000,1000,20,9,9,9,100,100,3,0,0,0,0,0,0,0,0,0,0,0,0,0
"1080",1000,1,0.7,1,60,2000,1000,14,30,30,30,30,0,0,0,0,0,0,0,0,0,0,0,0,0,0,0
"1081",1000,1,0.7,1,70,2000,1000,18,9,9,9,100,100,3,0,0,0,0,0,0,0,0,0,0,0,0,0
"1082",1000,1,0.7,1,80,2000,1000,17,11,11,11,100,100,3,0,0,0,0,0,0,0,0,0,0,0,0,0
"1083",1000,1,0.7,1,90,2000,1000,17,21,21,21,21,21,21,21,11,100,100,5,0,0,0,0,0,0,0,0
"1084",1000,1,0.7,1,100,2000,1000,16,14,14,14,14,14,14,23,100,100,100,2,0,0,0,0,0,0,0,0
"1085",1000,1,0.8,1,10,2000,1000,15,71,71,5,0,0,0,0,0,0,0,0,0,0,0,0,0,0,0,0
"1086",1000,1,0.8,1,20,2000,1000,17,62,62,5,0,0,0,0,0,0,0,0,0,0,0,0,0,0,0,0
"1087",1000,1,0.8,1,30,2000,1000,19,9,9,100,100,100,2,0,0,0,0,0,0,0,0,0,0,0,0,0
"1088",1000,1,0.8,1,40,2000,1000,20,9,9,100,100,100,0,0,0,0,0,0,0,0,0,0,0,0,0,0
"1089",1000,1,0.8,1,50,2000,1000,20,9,9,9,100,100,100,2,0,0,0,0,0,0,0,0,0,0,0,0
"1090",1000,1,0.8,1,60,2000,1000,14,40,40,40,3,0,0,0,0,0,0,0,0,0,0,0,0,0,0,0
"1091",1000,1,0.8,1,70,2000,1000,13,52,52,5,0,0,0,0,0,0,0,0,0,0,0,0,0,0,0,0
"1092",1000,1,0.8,1,80,2000,1000,16,15,15,15,100,100,2,0,0,0,0,0,0,0,0,0,0,0,0,0
"1093",1000,1,0.8,1,90,2000,1000,17,62,62,5,0,0,0,0,0,0,0,0,0,0,0,0,0,0,0,0
"1094",1000,1,0.8,1,100,2000,1000,16,14,14,14,14,14,22,22,22,100,100,100,0,0,0,0,0,0,0,0
"1095",1000,1,0.9,1,10,2000,1000,20,50,50,50,3,0,0,0,0,0,0,0,0,0,0,0,0,0,0,0
"1096",1000,1,0.9,1,20,2000,1000,16,9,9,9,100,100,2,0,0,0,0,0,0,0,0,0,0,0,0,0
"1097",1000,1,0.9,1,30,2000,1000,17,9,9,9,9,37,37,37,37,37,1,0,0,0,0,0,0,0,0,0
"1098",1000,1,0.9,1,40,2000,1000,18,9,9,9,100,100,100,0,0,0,0,0,0,0,0,0,0,0,0,0
"1099",1000,1,0.9,1,50,2000,1000,14,38,38,38,3,0,0,0,0,0,0,0,0,0,0,0,0,0,0,0
"1100",1000,1,0.9,1,60,2000,1000,17,9,9,100,100,3,0,0,0,0,0,0,0,0,0,0,0,0,0,0
"1101",1000,1,0.9,1,70,2000,1000,17,9,9,9,9,32,100,100,100,0,0,0,0,0,0,0,0,0,0,0
"1102",1000,1,0.9,1,80,2000,1000,19,9,9,9,100,100,2,0,0,0,0,0,0,0,0,0,0,0,0,0
"1103",1000,1,0.9,1,90,2000,1000,12,14,14,14,100,100,2,0,0,0,0,0,0,0,0,0,0,0,0,0
"1104",1000,1,0.9,1,100,2000,1000,18,9,9,9,100,100,2,0,0,0,0,0,0,0,0,0,0,0,0,0
"1105",1000,1,1,1,10,2000,1000,18,9,9,9,9,30,100,100,100,0,0,0,0,0,0,0,0,0,0,0
"1106",1000,1,1,1,20,2000,1000,17,20,20,20,20,20,0,0,0,0,0,0,0,0,0,0,0,0,0,0
"1107",1000,1,1,1,30,2000,1000,16,55,55,55,3,0,0,0,0,0,0,0,0,0,0,0,0,0,0,0
"1108",1000,1,1,1,40,2000,1000,15,9,9,9,100,100,2,0,0,0,0,0,0,0,0,0,0,0,0,0
"1109",1000,1,1,1,50,2000,1000,15,100,100,4,0,0,0,0,0,0,0,0,0,0,0,0,0,0,0,0
"1110",1000,1,1,1,60,2000,1000,16,18,18,18,18,18,18,2,0,0,0,0,0,0,0,0,0,0,0,0
"1111",1000,1,1,1,70,2000,1000,14,55,55,4,0,0,0,0,0,0,0,0,0,0,0,0,0,0,0,0
"1112",1000,1,1,1,80,2000,1000,14,30,30,30,30,30,0,0,0,0,0,0,0,0,0,0,0,0,0,0
"1113",1000,1,1,1,90,2000,1000,16,21,21,21,21,21,21,2,0,0,0,0,0,0,0,0,0,0,0,0
"1114",1000,1,1,1,100,2000,1000,16,9,9,9,9,31,31,31,31,31,31,1,0,0,0,0,0,0,0,0
